snapshot,population,spearman_learned_true_latent,spearman_true_latent_physical,spearman_learned_physical,top10pct_recall_true_latent,top10pct_recall_physical,false_elite_rate_physical,dynamics_selection_regret_latent,representation_selection_regret_m,end_to_end_selection_regret_m,selected_physical_distance_m,latent_selected_physical_distance_m,oracle_physical_distance_m,candidate_headroom_m,start_physical_distance_m,oracle_improvement_m,selected_success,latent_selected_success,oracle_candidate_success,representation_success_gap,end_to_end_success_gap
0,final,-0.0712821253569484,0.0711479016433516,-0.15685107612306803,0.06666666666666667,0.03333333333333333,0.6,35.48430633544922,0.02312166828629926,0.024196477781849454,0.03341599901097479,0.0323411895154246,0.00921952122912534,0.024208889695075092,0.09756751888193085,0.08834799765280552,1.0,1.0,1.0,0.0,0.0
0,initial,0.4047364970721897,0.7496398848876098,0.3008006755630618,0.3,0.16666666666666666,0.43333333333333335,57.952735900878906,0.0,0.02434772995367964,0.027827828737299647,0.003480098783620005,0.003480098783620005,0.03160438278599476,0.09756751888193085,0.09408742009831085,1.0,1.0,1.0,0.0,0.0
1,final,0.013571706352292804,0.49625351392793254,-0.008297425526950298,0.1,0.06666666666666667,0.5,39.57451248168945,0.09269404652648046,0.03583247290339962,0.043893364792732745,0.10075493841581358,0.008060891889333125,0.029343726378457637,0.24722097897144896,0.23916008708211584,0.0,0.0,1.0,1.0,1.0
1,initial,0.129093434371493,-0.3153790597673307,0.07029233658151757,0.2,0.2,0.5333333333333333,152.86727905273438,0.09828886012937843,0.05720082660160031,0.0672337592534634,0.10832179278124152,0.010032932651863082,0.09729704664568636,0.24722097897144896,0.23718804631958587,0.0,0.0,1.0,1.0,1.0
2,final,0.030950121668018533,-0.0066649629440327105,0.02488116534628162,0.03333333333333333,0.06666666666666667,0.5,20.777984619140625,0.032550537872922364,0.014847987886216801,0.2600586350681491,0.27776118505485464,0.24521064718193228,0.014864895932129002,0.27976840387197716,0.03455775669004488,0.0,0.0,0.0,0.0,0.0
2,initial,0.548708318981322,-0.07034655940621562,-0.07854887276525294,0.43333333333333335,0.1,0.6,27.823028564453125,0.06806595899883497,0.07942359706930444,0.29714400020961446,0.285786362139145,0.21772040314031002,0.06629025571777178,0.27976840387197716,0.062048000731667136,0.0,0.0,0.0,0.0,0.0
3,final,0.1412855698396649,0.8482925365837398,0.07976488627651417,0.2,0.13333333333333333,0.6,331.5872802734375,0.02048523850710621,0.163319724251553,0.17853705885811375,0.035702573113666966,0.015217334606560756,0.15943591443259972,0.16517757772899622,0.14996024312243547,0.0,1.0,1.0,0.0,1.0
3,initial,0.6787897643307148,0.578277980866454,0.4445591617684641,0.3333333333333333,0.3,0.36666666666666664,135.1344757080078,0.02107419789589271,0.08922570215179756,0.16446654884515305,0.0963150445892482,0.07524084669335548,0.10365940048978858,0.16517757772899622,0.08993673103564073,0.0,0.0,0.0,0.0,0.0
4,final,0.052356581739797105,0.19890576561961798,0.017135745952732807,0.26666666666666666,0.2,0.43333333333333335,361.5600280761719,0.01898287415308348,0.2514973859416306,0.2623071663962558,0.02979265460770867,0.01080978045462519,0.24991039337744295,0.26067182346600276,0.24986204301137757,0.0,1.0,1.0,0.0,1.0
4,initial,0.35682929810331226,-0.3945634951499461,-0.18010466782964252,0.16666666666666666,0.13333333333333333,0.6,10.542205810546875,0.0,0.056335032689257686,0.2565465698437292,0.20021153715447151,0.20021153715447151,0.060306312623509245,0.26067182346600276,0.06046028631153125,0.0,0.0,0.0,0.0,0.0
5,final,0.01770197446638296,-0.016037963105353024,0.03856155671132581,0.03333333333333333,0.13333333333333333,0.5,34.62359619140625,1.3259116027342088e-12,8.75327588190089e-13,0.14521203195661014,0.14521203195706073,0.14521203195573482,3.941569293175462e-13,0.14521203195866553,2.930711229254257e-12,0.0,0.0,0.0,0.0,0.0
5,initial,0.5579590884343159,-0.0200748897209969,0.04745074945277169,0.06666666666666667,0.06666666666666667,0.3333333333333333,171.18927001953125,0.0,0.07010386325173389,0.1455468530087129,0.07544298975697901,0.07544298975697901,0.06976904220002998,0.14521203195866553,0.06976904220168652,0.0,0.0,0.0,0.0,0.0
6,final,0.04471160790675451,0.2944837164857387,-0.161757797308859,0.06666666666666667,0.03333333333333333,0.6,74.58535766601562,0.05633097442296811,0.13113805861601643,0.27589506385355306,0.20108797966050473,0.14475700523753662,0.0881655605948774,0.2949501998972499,0.15019319465971329,0.0,0.0,0.0,0.0,0.0
6,initial,0.1311952355026167,-0.2595646618295759,-0.15292392137690416,0.06666666666666667,0.03333333333333333,0.6,83.36883544921875,0.00419786193664195,0.017223270220243038,0.026739646144439872,0.013714237860838785,0.009516375924196834,0.09847310096430446,0.2949501998972499,0.28543382397305306,1.0,1.0,1.0,0.0,0.0
7,final,-0.02074778608651207,0.36125401551271635,-0.08822976942408749,0.1,0.1,0.5333333333333333,7.28277587890625,0.0,4.1238757200745546e-13,0.0007737591166780086,0.000773759116265621,0.000773759116265621,4.2257690402447423e-13,0.0007737591168389871,5.733661158704995e-13,1.0,1.0,1.0,0.0,0.0
7,initial,0.17306014511272347,0.13804546273065058,0.07315565441648576,0.2,0.03333333333333333,0.5,16.409027099609375,1.1060502557239116e-12,1.8198658725820938e-14,0.0007737591162838195,0.0007737591173716711,0.0007737591162656209,3.5971811467028214e-13,0.0007737591168389871,5.733662242907167e-13,1.0,1.0,1.0,0.0,0.0
8,final,-0.067571417460194,0.527816975744175,-0.07305103390037666,0.0,0.03333333333333333,0.5,59.025978088378906,0.021845236651054985,0.024233791723414354,0.03686189327200867,0.0344733381996493,0.01262810154859432,0.01916213246285378,0.09251964900334277,0.07989154745474844,1.0,1.0,1.0,0.0,0.0
8,initial,0.7373206368959655,0.6595162168468538,0.5304605606728964,0.3,0.26666666666666666,0.3,53.102210998535156,0.0,0.04840195044118068,0.07544663608114159,0.02704468563996091,0.02704468563996091,0.07073301833777326,0.09251964900334277,0.06547496336338185,0.0,1.0,1.0,0.0,1.0
9,final,0.05632240358226202,0.47323903598928874,-0.026098512205691173,0.13333333333333333,0.13333333333333333,0.36666666666666664,92.00534057617188,0.024002209009048793,0.012841820469565663,0.023652363932021317,0.03481275247150445,0.010810543462455654,0.018059959177384267,0.13741089432407144,0.12660035086161578,1.0,1.0,1.0,0.0,0.0
9,initial,0.4169157435082612,0.8419520216891299,0.2629793664374048,0.13333333333333333,0.1,0.43333333333333335,87.82014465332031,0.008720259135945513,0.02615779499905894,0.030879144868182613,0.013441609005069185,0.004721349869123673,0.03898140247693867,0.13741089432407144,0.13268954445494777,1.0,1.0,1.0,0.0,0.0
10,final,0.08280625340281558,0.8087289858776208,0.17295792175468616,0.1,0.06666666666666667,0.5,140.55490112304688,0.014388636520902439,0.01531533332240496,0.03392233065806904,0.032995633856566516,0.018606997335664077,0.01942773235525846,0.21277981402566812,0.19417281669000405,1.0,1.0,1.0,0.0,0.0
10,initial,0.26760386226513627,0.4517965755175057,0.05262769586328736,0.16666666666666666,0.13333333333333333,0.3,373.7525939941406,0.006603901003250916,0.06711179865465688,0.0823989843252373,0.021891086673831328,0.015287185670580412,0.06843064103040739,0.21277981402566812,0.1974926283550877,0.0,1.0,1.0,0.0,1.0
11,final,0.028013200146668294,0.2481227569195213,-0.04571784130934788,0.0,0.06666666666666667,0.4,348.6968994140625,0.008209625872011753,0.24538048811853902,0.28336024280979255,0.046189380563265284,0.03797975469125353,0.24538048811870378,0.2833602428029703,0.24538048811171675,0.0,0.0,1.0,1.0,1.0
11,initial,0.22234513716819074,-0.4049036100401115,-0.03521461349570551,0.2,0.1,0.43333333333333335,30.0233154296875,0.10084166291044813,0.08593378382890879,0.2867370975511667,0.30164497663270606,0.20080331372225793,0.08360893629480418,0.2833602428029703,0.08255692908071235,0.0,0.0,0.0,0.0,0.0
12,final,0.11553150590562115,-0.8068742986033178,-0.11710352337248192,0.16666666666666666,0.03333333333333333,0.6,50.184234619140625,0.31483720413096705,0.2622207135459384,0.36112399494352965,0.4137404855285583,0.09890328139759126,0.24256373564378064,0.4744614993456912,0.37555821794809996,0.0,0.0,0.0,0.0,0.0
12,initial,0.3398273314147935,-0.14516383515372394,0.15703907821198013,0.16666666666666666,0.2,0.5,63.46728515625,0.10332463081681809,0.09189592557142756,0.3325259872022816,0.34395469244767213,0.24063006163085404,0.18289831275773483,0.4744614993456912,0.23383143771483716,0.0,0.0,0.0,0.0,0.0
13,final,0.0632553695041056,0.6238958210646784,0.12655429504772273,0.03333333333333333,0.1,0.4,82.5009765625,0.0,0.01636880441184991,0.03023419365069013,0.01386538923884022,0.01386538923884022,0.01115453900210531,0.0293851467338861,0.015519757495045878,1.0,1.0,1.0,0.0,0.0
13,initial,0.18707274525272505,0.5043016033511483,0.16017911310125665,0.06666666666666667,0.16666666666666666,0.4,161.99652099609375,0.02181787561915931,0.01078115641880455,0.016595954224251603,0.027632673424606364,0.005814797805447052,0.020363800474654283,0.0293851467338861,0.023570348928439046,1.0,1.0,1.0,0.0,0.0
14,final,0.021970910787897643,0.9614457938421537,-0.009624551383904265,0.13333333333333333,0.06666666666666667,0.4666666666666667,21.02879524230957,0.011664141463700536,0.01608590585512842,0.037782255777349505,0.03336049138592162,0.021696349922221084,0.21689341806124346,0.23858976798436787,0.2168934180621468,1.0,1.0,1.0,0.0,0.0
14,initial,0.7221760241780464,0.16421871354126155,0.08193824375826397,0.4,0.2,0.3,44.87664794921875,0.0,0.06746504031124348,0.23858976798110276,0.17112472766985928,0.17112472766985928,0.06746504031710274,0.23858976798436787,0.06746504031450859,0.0,0.0,0.0,0.0,0.0
15,final,-0.014112156801742241,0.003015450533379068,0.025618401002880976,0.06666666666666667,0.03333333333333333,0.3,10.605178833007812,0.0,0.0,0.030426542958135898,0.030426542958135898,0.030426542958135898,0.0,0.03042654295845167,3.157717143320582e-13,1.0,1.0,1.0,0.0,0.0
15,initial,0.1692872143023811,0.05484004108593706,0.17427985787101719,0.13333333333333333,0.16666666666666666,0.3,47.39418029785156,5.843277250949797e-13,5.458480889508621e-14,0.030426542958190483,0.030426542958720226,0.030426542958135898,5.326052099352552e-13,0.03042654295845167,3.157717143320582e-13,1.0,1.0,1.0,0.0,0.0
16,final,0.023224258047311635,-0.41418237980421996,-0.045692507694529934,0.13333333333333333,0.1,0.5333333333333333,37.460601806640625,0.0,0.17989545579319688,0.22982900862555694,0.049933552832360055,0.049933552832360055,0.1975131548463674,0.20959057289246374,0.15965702006010368,0.0,0.0,0.0,0.0,0.0
16,initial,-0.0213433482594251,-0.14124023600262225,-0.06349314992388803,0.1,0.06666666666666667,0.6333333333333333,69.64480590820312,0.1050300395483069,0.0906529047178699,0.1785560588268785,0.1929331936573155,0.0879031541090086,0.1215029764373438,0.20959057289246374,0.12168741878345514,0.0,0.0,0.0,0.0,0.0
17,final,-0.05294881642560688,-0.2255185057611751,0.02953055362065748,0.13333333333333333,0.16666666666666666,0.36666666666666664,79.56854248046875,0.1252621056885079,0.14912974585408006,0.17751991436385825,0.1536522741982861,0.028390168509778196,0.09693313316242282,0.31055538392862786,0.28216521541884965,0.0,0.0,1.0,1.0,1.0
17,initial,0.09086278736430403,-0.302994477716419,0.29764997388859876,0.13333333333333333,0.2,0.26666666666666666,80.65853881835938,0.22935604832998668,0.07377586203625913,0.10963425882615219,0.26521444511987974,0.035858396789893054,0.14130825284520288,0.31055538392862786,0.2746969871387348,0.0,0.0,1.0,1.0,1.0
18,final,0.06887409860109557,0.7591244347159413,0.026365626284736494,0.0,0.06666666666666667,0.6,32.47034454345703,0.010488767118278113,0.01946300259156529,0.038013878839405046,0.02903964336611787,0.018550876247839757,0.01898546192526262,0.23329321813737824,0.2147423418895385,1.0,1.0,1.0,0.0,0.0
18,initial,0.6669367437415971,0.18128379204213377,0.21754463938488203,0.36666666666666664,0.23333333333333334,0.4,125.32537841796875,0.07889871871695961,0.07463042732413391,0.2336908692195303,0.237959160612356,0.1590604418953964,0.07339137285070871,0.23329321813737824,0.07423277624198185,0.0,0.0,0.0,0.0,0.0
19,final,-0.004833387037633751,0.7019251325014721,-0.02438604873387482,0.06666666666666667,0.06666666666666667,0.5333333333333333,384.2750549316406,0.007566051097058834,0.24214128913154856,0.26836802791128994,0.033792789876800206,0.02622673877974137,0.24045892767363522,0.2666839702933032,0.24045723151356183,0.0,1.0,1.0,0.0,1.0
19,initial,0.30558428426982515,-0.15187902087800975,0.07936621518016865,0.4,0.23333333333333334,0.5333333333333333,25.4232177734375,0.08124150560453436,0.08224158677908344,0.2689031349478998,0.2679030537733507,0.18666154816881636,0.08169527530064574,0.2666839702933032,0.08002242212448685,0.0,0.0,0.0,0.0,0.0
20,final,0.03314303492261025,0.6919827998088867,-0.02883765375170835,0.06666666666666667,0.1,0.5333333333333333,236.10450744628906,0.005760257854256903,0.07885958249789748,0.09566584776722813,0.02256652312358754,0.01680626526933064,0.07885921012765937,0.09555529762477336,0.07874903235544271,0.0,1.0,1.0,0.0,1.0
20,initial,0.3373939710441227,-0.13757219524661385,-0.12210402337803752,0.1,0.06666666666666667,0.6,282.77783203125,0.017248234318058678,0.011196795846231539,0.09555529762306639,0.10160673609489353,0.08435850177683485,0.011196795849479996,0.09555529762477336,0.011196795847938507,0.0,0.0,0.0,0.0,0.0
21,final,0.0009093434371493015,0.5306987855420615,0.10017222413582372,0.03333333333333333,0.1,0.36666666666666664,200.90533447265625,0.0006312033084701798,0.026752433593517904,0.029560506172672096,0.0034392758876243728,0.002808072579154193,0.023040968766054062,0.08660934663237009,0.0838012740532159,1.0,1.0,1.0,0.0,0.0
21,initial,0.5344952721696907,0.6692518805764508,0.22281536461516235,0.4,0.13333333333333333,0.43333333333333335,14.359695434570312,0.005434879699786721,0.017967526193066043,0.023398549018098312,0.01086590252481899,0.00543102282503227,0.032561207167942814,0.08660934663237009,0.08117832380733782,1.0,1.0,1.0,0.0,0.0
22,final,0.08839609328992543,0.3173253036144845,0.056344626051400566,0.16666666666666666,0.1,0.4,11.0550537109375,0.0007991267137159707,0.0020528909254552107,0.016368660537351597,0.015114896325612357,0.014315769611896387,0.0019152732651922869,0.03571471529010659,0.021398945678210206,1.0,1.0,1.0,0.0,0.0
22,initial,0.13658240647118303,0.4845200502227803,0.07838487094301047,0.2,0.23333333333333334,0.43333333333333335,79.49690246582031,0.019783392164393565,0.01089539975738438,0.020125209382558223,0.029013201789567407,0.009229809625173844,0.022043496611667303,0.03571471529010659,0.02648490566493275,1.0,1.0,1.0,0.0,0.0
23,final,0.10968744097156634,0.4247273858598428,0.034050600562228465,0.1,0.1,0.5333333333333333,73.69454193115234,0.036303011434057994,0.022229681562843894,0.03178287056760707,0.045856200438821174,0.009553189004763176,0.02947321324196688,0.26429913679627315,0.25474594779151,1.0,0.0,1.0,1.0,0.0
23,initial,0.5322876920854677,0.481689796553295,0.19558706207846752,0.5666666666666667,0.1,0.36666666666666664,21.084613800048828,0.04322320221242759,0.11634170181539986,0.11871065901284694,0.045592159409874676,0.0023689571974470826,0.08629072376292977,0.26429913679627315,0.2619301795988261,0.0,0.0,1.0,1.0,1.0
24,final,-0.03379637927047869,0.4273476846795751,0.052957921754686166,0.16666666666666666,0.16666666666666666,0.5,100.79299926757812,0.00040189875640582115,0.018592635299610735,0.037304905182495664,0.01911416863929075,0.01871226988288493,0.018584244425519057,0.04461307948343918,0.02590080960055425,1.0,1.0,1.0,0.0,0.0
24,initial,0.11669285214280158,0.6768319647996087,0.027337192635473725,0.06666666666666667,0.03333333333333333,0.5666666666666667,164.66937255859375,0.015507061623602582,0.018944333385111093,0.03141003480092462,0.02797276303941611,0.012465701415813529,0.02230042700613809,0.04461307948343918,0.032147378067625645,1.0,1.0,1.0,0.0,0.0
25,final,0.05529972555250614,0.8343674929721441,0.013529483660929565,0.16666666666666666,0.1,0.36666666666666664,355.74554443359375,0.019222934940827663,0.03414491163862365,0.03898691650519567,0.024064939807399693,0.004842004866572029,0.019911313951220092,0.1523616872467015,0.14751968238012947,1.0,1.0,1.0,0.0,0.0
25,initial,0.4025386948743875,0.8210971233013699,0.3023073589706552,0.2,0.3,0.23333333333333334,137.2362060546875,0.0,0.021755500451003693,0.03098215926567304,0.009226658814669348,0.009226658814669348,0.029804415149589102,0.1523616872467015,0.14313502843203213,1.0,1.0,1.0,0.0,0.0
26,final,-0.006231180346448293,-0.33318567327042614,-0.06840913833224993,0.03333333333333333,0.16666666666666666,0.03333333333333333,3.970714569091797,8.684095089225768e-14,3.004901329742154e-13,9.164981027593595e-13,7.028489206774018e-13,6.160079697851441e-13,3.004901329742154e-13,2.869338808319569e-14,-5.873145817019485e-13,1.0,1.0,1.0,0.0,0.0
26,initial,-0.03376393071034123,-0.03909395217814062,0.07673929520971544,0.1,0.16666666666666666,0.43333333333333335,25.290599822998047,1.4358238240098632e-13,6.594919135505462e-14,5.236848735999439e-13,6.013180646458756e-13,4.577356822448893e-13,2.451084781846405e-13,2.869338808319569e-14,-4.2904229416169363e-13,1.0,1.0,1.0,0.0,0.0
27,final,-0.0801593440104166,0.029469222873414785,0.0002235580643738349,0.06666666666666667,0.03333333333333333,0.6666666666666666,48.83758544921875,0.004509673185523588,0.0030642097977487404,0.30182623343891757,0.3032716968266924,0.29876202364116883,0.002836457982551388,0.3015984816200791,0.002836457978910245,0.0,0.0,0.0,0.0,0.0
27,initial,0.24484494272158577,-0.3878278647540528,-0.023389148768319646,0.2,0.06666666666666667,0.4666666666666667,71.58389282226562,0.05918295027982251,0.07121236970271905,0.32287923811804575,0.3108498186951492,0.2516668684153267,0.049715711878176916,0.3015984816200791,0.04993161320475237,0.0,0.0,0.0,0.0,0.0
28,final,0.16220313559039545,0.6091352126134734,0.03420571339681552,0.1,0.1,0.5666666666666667,235.36997985839844,0.009127311097445565,0.09655651518349512,0.11781467071031242,0.030385466624262867,0.021258155526817302,0.09655640624416924,0.09865602722299929,0.077397871696182,0.0,1.0,1.0,0.0,1.0
28,initial,0.6760644007155634,0.6556899521105789,0.3825758063978488,0.43333333333333335,0.43333333333333335,0.23333333333333334,37.551422119140625,0.0,0.03514829148422745,0.06805619559609823,0.03290790411187078,0.03290790411187078,0.0895569161203948,0.09865602722299929,0.06574812311112851,0.0,1.0,1.0,0.0,1.0
29,final,0.1182084245380504,0.8921854687274303,0.0994606606740075,0.03333333333333333,0.13333333333333333,0.4666666666666667,366.86700439453125,0.014840429432294928,0.20843431869649134,0.22765140431300032,0.03405751504880391,0.01921708561650898,0.20720278164160008,0.2300895976100029,0.2108725119934939,0.0,1.0,1.0,0.0,1.0
29,initial,0.5658538428204757,0.4142668251869466,0.1937368192979922,0.2,0.13333333333333333,0.3333333333333333,225.063720703125,0.0,0.1323648121241388,0.22739461564348912,0.09502980351935032,0.09502980351935032,0.13296009179736745,0.2300895976100029,0.13505979409065255,0.0,0.0,0.0,0.0,0.0
30,final,-0.006821409126768075,0.6584428715874621,-0.05936465960732897,0.1,0.1,0.4,37.410308837890625,0.10789465091749335,0.11795878465780961,0.1933944617999431,0.18333032805962685,0.07543567714213349,0.17440517336926858,0.33849940995791233,0.26306373281577883,0.0,0.0,0.0,0.0,0.0
30,initial,0.3210506783408704,-0.2383190924343604,-0.1400913343481594,0.23333333333333334,0.1,0.5,128.56544494628906,0.0,0.11750939868750887,0.15407452080010672,0.036565122112597846,0.036565122112597846,0.12163525961003582,0.33849940995791233,0.3019342878453145,0.0,1.0,1.0,0.0,1.0
31,final,0.039321325792508806,0.054230380337559295,0.033663485149835,0.1,0.23333333333333334,0.3333333333333333,186.81124877929688,0.020524049449851634,0.02260692549470846,0.027109533478591248,0.02502665743373442,0.004502607983882786,0.022965494581110624,0.1470569112811701,0.14255430329728733,1.0,1.0,1.0,0.0,0.0
31,initial,0.37006188957655084,0.40667474083045363,0.31772175246391626,0.3,0.13333333333333333,0.26666666666666666,282.9842834472656,0.03020112318376237,0.030874751382218256,0.03872670208132934,0.038053073882873455,0.007851950699111083,0.045981730512615226,0.1470569112811701,0.13920496058205903,1.0,1.0,1.0,0.0,0.0
