snapshot,budget,start_distance_m,nominal_support_success,terminal_success,event_success,terminal_final_distance_m,event_final_distance_m,terminal_final_stage,event_final_stage
1,16,0.1917106049261549,1,1,1,0.016314870767136933,0.016314870767136933,5,5
2,16,0.26701020854311214,1,1,1,0.032813899736515384,0.032909936615586714,5,5
3,16,0.12202146639335357,1,1,1,0.015556091075475627,0.01539003651251088,5,5
4,16,0.283265956944221,1,1,1,0.00872369926457794,0.01916286365294832,5,5
5,16,0.14807390397759074,1,1,1,0.03918060785344129,0.01799004559331316,5,5
6,16,0.12846339048266328,1,1,1,0.00872935097710669,0.017418725306745618,5,5
7,16,0.13742206297340392,1,1,1,0.024939090985631688,0.03245633197802542,5,5
8,16,0.3314612668898685,1,1,1,0.03036880763327232,0.03439972994474463,5,5
9,16,0.22015042664774964,1,1,1,0.011320535170986771,0.011320535170986771,5,5
10,16,0.264324594247964,1,1,1,0.03681558863560342,0.02725897500221874,5,5
11,16,0.33096736857069503,1,1,1,0.009747019269432151,0.009747019269432151,5,5
12,16,0.184663496658143,1,1,1,0.02863339042679789,0.03393036528708872,5,5
13,16,0.2593175189634804,1,1,1,0.00801502065947944,0.02030852169981042,5,5
14,16,0.18860668017569868,1,1,1,0.02726911140494825,0.02726911140494825,5,5
15,16,0.1845868209274934,1,1,1,0.015724980272100054,0.02425796385379153,5,5
16,16,0.28120264045171484,1,1,1,0.02794219616035587,0.02794219616035587,5,5
17,16,0.17946741012891024,1,1,1,0.015428499825058959,0.009093726392394011,5,5
18,16,0.14049092449580516,1,1,1,0.019402376071046668,0.006955837343381682,5,5
19,16,0.1952738954696596,1,1,1,0.0015060549108569,0.009690696634217746,5,5
20,16,0.19655936532078017,1,1,1,0.0074849867249710345,0.0074849867249710345,5,5
21,16,0.19965531707399134,1,1,1,0.017767528292132323,0.03125942429616445,5,5
22,16,0.22734463518499592,1,1,1,0.021416624165696948,0.0092273290073631,5,5
23,16,0.18495769113850521,1,1,1,0.030956620124234602,0.017294439357255945,5,5
24,16,0.2089557900647726,1,1,1,0.023910575487855117,0.030467519731509095,5,5
25,16,0.16482744824391166,1,1,1,0.030556004136804687,0.02982484706112172,5,5
26,16,0.09676026213781098,1,1,1,0.027457414589982247,0.029394515039020776,5,5
27,16,0.14365807855482193,1,1,1,0.03561733525143223,0.03561733525143223,5,5
28,16,0.09362200530573357,1,1,1,0.03197728872980826,0.03197728872980826,5,5
29,16,0.23270436834579666,1,1,1,0.014034067494043788,0.014034067494043788,5,5
30,16,0.28892070788529844,1,1,1,0.030241382911571885,0.03783367066994851,5,5
31,16,0.14684589910462859,1,1,1,0.0028237078360783463,0.0028237078360783463,5,5
32,16,0.1302225960494281,1,1,1,0.005864890148700963,0.032449533555200055,5,5
33,16,0.16461269942469695,1,1,1,0.03200441996535117,0.033817309924817525,5,5
34,16,0.1775154812547883,1,1,1,0.028664004710203767,0.03445410879659048,5,5
35,16,0.10349977284305495,1,1,1,0.02379449514370559,0.016631876477751956,5,5
36,16,0.3229063649783822,1,1,1,0.007654856054598672,0.007654856054598672,5,5
37,16,0.17460550519132523,1,1,1,0.010715760318163596,0.00782896804303197,5,5
38,16,0.21349351542868203,1,1,1,0.01776865410138108,0.033868990931288555,5,5
39,16,0.16856402138478876,1,1,1,0.02123380683233728,0.02123380683233728,5,5
40,16,0.20919364370029375,1,1,1,0.03491514064371717,0.033276413027654946,5,5
41,16,0.20383009811066755,1,1,1,0.029282726215758052,0.037776038419055705,5,5
42,16,0.2311040091272266,1,1,1,0.008454924404500215,0.008454924404500215,5,5
43,16,0.2235626247206218,1,1,1,0.014976974173209569,0.029375746786764093,5,5
44,16,0.28200590132924663,1,1,1,0.03288364416596562,0.034914425360241044,5,5
45,16,0.14655909568806888,1,1,1,0.03599498117896459,0.03599498117896459,5,5
46,16,0.17113198744503832,1,1,1,0.016806540029769904,0.032925232668300504,5,5
47,16,0.3137582430429397,1,1,1,0.02368212759555767,0.02768944581030174,5,5
48,16,0.19898209055746022,1,1,1,0.03252726301349934,0.03914585744150192,5,5
49,16,0.15760926296185374,1,1,1,0.016541434736762624,0.01841259040551294,5,5
50,16,0.10599481211425192,1,1,1,0.036866917779581565,0.036866917779581565,5,5
51,16,0.3022862731809545,1,1,1,0.020635684389031874,0.020635684389031874,5,5
52,16,0.26692497013059546,1,1,1,0.023899256076361234,0.019528013989226146,5,5
53,16,0.12888886863938356,1,1,1,0.025948104474701427,0.025777258654087795,5,5
54,16,0.15181858944232912,1,1,1,0.022471113526477963,0.037618203149728816,5,5
55,16,0.2790104625481906,1,1,1,0.013707010336191964,0.0320528440767283,5,5
56,16,0.17297203651813042,1,1,1,0.013641340081372194,0.026802281271560407,5,5
57,16,0.16337545251443267,1,1,1,0.019585762741051265,0.026193059361867287,5,5
58,16,0.31004724428102365,1,1,1,0.03330741479410731,0.025022062898977925,5,5
59,16,0.22852621099166234,1,1,1,0.0037242311529603568,0.0037242311529603568,5,5
60,16,0.20510259184670768,1,1,1,0.03597595783281059,0.019759810826311248,5,5
61,16,0.19605156966747156,1,1,1,0.03047452227639347,0.03047452227639347,5,5
62,16,0.3061750859748259,1,1,1,0.013326087432115335,0.013326087432115335,5,5
63,16,0.29959015052880283,1,1,1,0.03408497806091565,0.03261914919046592,5,5
64,16,0.08373611093426135,1,1,1,0.024706781057142913,0.024706781057142913,5,5
1,32,0.1917106049261549,1,1,1,0.029918017027774513,0.029795029147021194,5,5
2,32,0.26701020854311214,1,1,1,0.03230403253519977,0.03897971061880925,5,5
3,32,0.12202146639335357,1,1,1,0.015556091075475627,0.015556091075475627,5,5
4,32,0.283265956944221,1,1,1,0.01580035318776128,0.012900144731576878,5,5
5,32,0.14807390397759074,1,1,1,0.027410731063108085,0.028856667442780357,5,5
6,32,0.12846339048266328,1,1,1,0.0062679058063198735,0.013076013067133881,5,5
7,32,0.13742206297340392,1,1,1,0.03590424437491209,0.03590424437491209,5,5
8,32,0.3314612668898685,1,1,1,0.03439972994474463,0.03594186927695118,5,5
9,32,0.22015042664774964,1,1,1,0.01623302572170566,0.01623302572170566,5,5
10,32,0.264324594247964,1,1,1,0.03464973133952922,0.026886395837370285,5,5
11,32,0.33096736857069503,1,1,1,0.0315484022249637,0.01680831386219188,5,5
12,32,0.184663496658143,1,1,1,0.03845232378712733,0.03845232378712733,5,5
13,32,0.2593175189634804,1,1,1,0.022160429365979444,0.02030852169981042,5,5
14,32,0.18860668017569868,1,1,1,0.009481657691090028,0.02457700208694398,5,5
15,32,0.1845868209274934,1,1,1,0.03409301791135632,0.03207040004170958,5,5
16,32,0.28120264045171484,1,1,1,0.02624459200383186,0.02624459200383186,5,5
17,32,0.17946741012891024,1,1,1,0.009093726392394011,0.009093726392394011,5,5
18,32,0.14049092449580516,1,1,1,0.03069861891570128,0.007116964999287476,5,5
19,32,0.1952738954696596,1,1,1,0.03079093067727543,0.03079093067727543,5,5
20,32,0.19655936532078017,1,1,1,0.008887519075755303,0.020409473315976135,5,5
21,32,0.19965531707399134,1,1,1,0.017767528292132323,0.03125942429616445,5,5
22,32,0.22734463518499592,1,1,1,0.004546124112370049,0.029039290469854765,5,5
23,32,0.18495769113850521,1,1,1,0.017294439357255945,0.017294439357255945,5,5
24,32,0.2089557900647726,1,1,1,0.02889261466273874,0.02889261466273874,5,5
25,32,0.16482744824391166,1,1,1,0.02148600178795553,0.03154771580410226,5,5
26,32,0.09676026213781098,1,1,1,0.01633208371326664,0.029394515039020776,5,5
27,32,0.14365807855482193,1,1,1,0.03561733525143223,0.0325581967862384,5,5
28,32,0.09362200530573357,1,1,1,0.03197728872980826,0.03197728872980826,5,5
29,32,0.23270436834579666,1,1,1,0.020930509106229452,0.03218343429929889,5,5
30,32,0.28892070788529844,1,1,1,0.02027484860768376,0.0249280301890922,5,5
31,32,0.14684589910462859,1,1,1,0.0028237078360783463,0.0028237078360783463,5,5
32,32,0.1302225960494281,1,1,1,0.0028419149823892824,0.025828279765436408,5,5
33,32,0.16461269942469695,1,1,1,0.03200441996535117,0.03622437053165194,5,5
34,32,0.1775154812547883,1,1,1,0.028664004710203767,0.028664004710203767,5,5
35,32,0.10349977284305495,1,1,1,0.02379449514370559,0.016631876477751956,5,5
36,32,0.3229063649783822,1,1,1,0.007654856054598672,0.01794672761664565,5,5
37,32,0.17460550519132523,1,1,1,0.014792599552310298,0.03500553040915815,5,5
38,32,0.21349351542868203,1,1,1,0.01776865410138108,0.007475424686137907,5,5
39,32,0.16856402138478876,1,1,1,0.00942426841373684,0.015906710441124506,5,5
40,32,0.20919364370029375,1,1,1,0.03491514064371717,0.01928675085462394,5,5
41,32,0.20383009811066755,1,1,1,0.03937315825650923,0.03261773227992902,5,5
42,32,0.2311040091272266,1,1,1,0.030825450430074983,0.03382224989471746,5,5
43,32,0.2235626247206218,1,1,1,0.03177663294179385,0.016185484443316356,5,5
44,32,0.28200590132924663,1,1,1,0.022661659679012458,0.025249827048779757,5,5
45,32,0.14655909568806888,1,1,1,0.03599498117896459,0.02137329126485846,5,5
46,32,0.17113198744503832,1,1,1,0.038388318861193885,0.034575626854458016,5,5
47,32,0.3137582430429397,1,1,1,0.01753795869252687,0.026962283347010268,5,5
48,32,0.19898209055746022,1,1,1,0.029734311753882074,0.02685029804309016,5,5
49,32,0.15760926296185374,1,1,1,0.037746249163921095,0.02385826866183471,5,5
50,32,0.10599481211425192,1,1,1,0.018928973401224045,0.018928973401224045,5,5
51,32,0.3022862731809545,1,1,1,0.03193734872136965,0.020635684389031874,5,5
52,32,0.26692497013059546,1,1,1,0.019096990783503253,0.032902996293023914,5,5
53,32,0.12888886863938356,1,1,1,0.025948104474701427,0.026322138139821708,5,5
54,32,0.15181858944232912,1,1,1,0.03698693175943783,0.022471113526477963,5,5
55,32,0.2790104625481906,1,1,1,0.020361417041740312,0.020361417041740312,5,5
56,32,0.17297203651813042,1,1,1,0.021436620762131795,0.016892865528683167,5,5
57,32,0.16337545251443267,1,1,1,0.026193059361867287,0.009034762069464321,5,5
58,32,0.31004724428102365,1,1,1,0.025022062898977925,0.03403091433913096,5,5
59,32,0.22852621099166234,1,1,1,0.016130456074139064,0.016130456074139064,5,5
60,32,0.20510259184670768,1,1,1,0.020954946964223894,0.021005879433532937,5,5
61,32,0.19605156966747156,1,1,1,0.02040233240886181,0.014720083282379764,5,5
62,32,0.3061750859748259,1,1,1,0.017149094189509075,0.017149094189509075,5,5
63,32,0.29959015052880283,1,1,1,0.034465012422884134,0.03408497806091565,5,5
64,32,0.08373611093426135,1,1,1,0.024706781057142913,0.024706781057142913,5,5
1,64,0.1917106049261549,1,1,1,0.014558119999601944,0.01982737794653886,5,5
2,64,0.26701020854311214,1,1,1,0.03230403253519977,0.03230403253519977,5,5
3,64,0.12202146639335357,1,1,1,0.015556091075475627,0.015556091075475627,5,5
4,64,0.283265956944221,1,1,1,0.01580035318776128,0.01580035318776128,5,5
5,64,0.14807390397759074,1,1,1,0.01796013380424694,0.01796013380424694,5,5
6,64,0.12846339048266328,1,1,1,0.03226823564314086,0.03988643085211834,5,5
7,64,0.13742206297340392,1,1,1,0.033749123314136625,0.033749123314136625,5,5
8,64,0.3314612668898685,1,1,1,0.03594186927695118,0.03594186927695118,5,5
9,64,0.22015042664774964,1,1,1,0.02675158870744957,0.01264199832052494,5,5
10,64,0.264324594247964,1,1,1,0.03585067175021388,0.024532545853952942,5,5
11,64,0.33096736857069503,1,1,1,0.013965804672715524,0.01680831386219188,5,5
12,64,0.184663496658143,1,1,1,0.03845232378712733,0.026833183695862878,5,5
13,64,0.2593175189634804,1,1,1,0.022160429365979444,0.020667712135087238,5,5
14,64,0.18860668017569868,1,1,1,0.024054735892403672,0.017351881737939827,5,5
15,64,0.1845868209274934,1,1,1,0.03207040004170958,0.025678529055986266,5,5
16,64,0.28120264045171484,1,1,1,0.027303503042801134,0.01465905197105897,5,5
17,64,0.17946741012891024,1,1,1,0.009093726392394011,0.026350464851779443,5,5
18,64,0.14049092449580516,1,1,1,0.010947429604835801,0.023241442945345213,5,5
19,64,0.1952738954696596,1,1,1,0.03079093067727543,0.007900789118260977,5,5
20,64,0.19655936532078017,1,1,1,0.013626294123841773,0.020445635748530658,5,5
21,64,0.19965531707399134,1,1,1,0.017767528292132323,0.017767528292132323,5,5
22,64,0.22734463518499592,1,1,1,0.029521965072068956,0.03394948742669186,5,5
23,64,0.18495769113850521,1,1,1,0.017294439357255945,0.011712562845356026,5,5
24,64,0.2089557900647726,1,1,1,0.02889261466273874,0.02889261466273874,5,5
25,64,0.16482744824391166,1,1,1,0.03154771580410226,0.03154771580410226,5,5
26,64,0.09676026213781098,1,1,1,0.01633208371326664,0.03003703827810376,5,5
27,64,0.14365807855482193,1,1,1,0.02226076715878202,0.034357436198149155,5,5
28,64,0.09362200530573357,1,1,1,0.03197728872980826,0.01882493541064451,5,5
29,64,0.23270436834579666,1,1,1,0.020930509106229452,0.020930509106229452,5,5
30,64,0.28892070788529844,1,1,1,0.03210656818895989,0.027594684729621424,5,5
31,64,0.14684589910462859,1,1,1,0.017738459441399925,0.0028237078360783463,5,5
32,64,0.1302225960494281,1,1,1,0.02221521550100637,0.031413929369166885,5,5
33,64,0.16461269942469695,1,1,1,0.039730968911292824,0.03850464640256537,5,5
34,64,0.1775154812547883,1,1,1,0.028664004710203767,0.028664004710203767,5,5
35,64,0.10349977284305495,1,1,1,0.012810604991418402,0.016631876477751956,5,5
36,64,0.3229063649783822,1,1,1,0.01794672761664565,0.007654856054598672,5,5
37,64,0.17460550519132523,1,1,1,0.03163146780762787,0.010715760318163596,5,5
38,64,0.21349351542868203,1,1,1,0.01776865410138108,0.01719320460624464,5,5
39,64,0.16856402138478876,1,1,1,0.00942426841373684,0.010220688280879459,5,5
40,64,0.20919364370029375,1,1,1,0.01928675085462394,0.019086534004376775,5,5
41,64,0.20383009811066755,1,1,1,0.03937315825650923,0.03937315825650923,5,5
42,64,0.2311040091272266,1,1,1,0.008329630282305885,0.008329630282305885,5,5
43,64,0.2235626247206218,1,1,1,0.035219116739677946,0.03123947521952162,5,5
44,64,0.28200590132924663,1,1,1,0.01330052973616992,0.025249827048779757,5,5
45,64,0.14655909568806888,1,1,1,0.02137329126485846,0.03599498117896459,5,5
46,64,0.17113198744503832,1,1,1,0.03839654037180667,0.038584299042725013,5,5
47,64,0.3137582430429397,1,1,1,0.01753795869252687,0.013834730925523524,5,5
48,64,0.19898209055746022,1,1,1,0.02685029804309016,0.027735891491542434,5,5
49,64,0.15760926296185374,1,1,1,0.028708299175058075,0.028708299175058075,5,5
50,64,0.10599481211425192,1,1,1,0.031097742782058967,0.031097742782058967,5,5
51,64,0.3022862731809545,1,1,1,0.021343124673619693,0.02368365388313876,5,5
52,64,0.26692497013059546,1,1,1,0.030404457386235456,0.024970918444339196,5,5
53,64,0.12888886863938356,1,1,1,0.02336307454473674,0.0249758983657916,5,5
54,64,0.15181858944232912,1,1,1,0.03698693175943783,0.03698693175943783,5,5
55,64,0.2790104625481906,1,1,1,0.012315463917621458,0.012315463917621458,5,5
56,64,0.17297203651813042,1,1,1,0.016892865528683167,0.024005747392924128,5,5
57,64,0.16337545251443267,1,1,1,0.01989856638680268,0.01989856638680268,5,5
58,64,0.31004724428102365,1,1,1,0.02586476655490365,0.02586476655490365,5,5
59,64,0.22852621099166234,1,1,1,0.016130456074139064,0.009726600801922034,5,5
60,64,0.20510259184670768,1,1,1,0.028583804131504423,0.028583804131504423,5,5
61,64,0.19605156966747156,1,1,1,0.03350467549958079,0.03047452227639347,5,5
62,64,0.3061750859748259,1,1,1,0.017149094189509075,0.017149094189509075,5,5
63,64,0.29959015052880283,1,1,1,0.01713266059331053,0.00764346403257919,5,5
64,64,0.08373611093426135,1,1,1,0.02978445801419329,0.02978445801419329,5,5
