snapshot,arm,anchor_physical_distance_m,anchor_success,inversion_hit,best_corrective_advantage_m,best_any_advantage_m,any_success_gain,selected_success_any,best_selected_distance_m,proxy_rejected_fraction,mean_proxy_rank_fraction,mean_action_distance_from_anchor,mean_proxy_instability,mean_cem_disagreement
0,action_diverse,0.03497936312660149,1,0.0,0.0,0.009219603509510083,0.0,1.0,0.02575975961709141,1.0,0.4866220735785953,5.019680587765177,0.16882626006710705,-0.10785953177257526
0,cem_disagreement_diverse,0.03497936312660149,1,0.0,0.0,0.014559267228640455,0.0,1.0,0.020420095897961038,1.0,0.7353678929765886,4.604305474840665,0.14425273408460848,0.3486622073578596
0,proxy_instability_diverse,0.03497936312660149,1,0.0,0.0,0.0059956530643420665,0.0,1.0,0.028983710062259426,1.0,0.37834448160535117,4.597776258622646,0.28566420991766656,-0.25710702341137126
0,random_final_population,0.03497936312660149,1,0.0,0.0,0.004842842058013216,0.0,1.0,0.030136521068588277,1.0,0.39464882943143814,3.8895402611898193,0.17224086339380323,-0.07065217391304347
1,action_diverse,0.030495385187516964,1,0.0,0.0,0.003135295672196243,0.0,1.0,0.02736008951532072,1.0,0.6889632107023411,4.89281993228606,0.17556309686702776,-0.06479933110367897
1,cem_disagreement_diverse,0.030495385187516964,1,0.0,0.0,0.011789407568663163,0.0,1.0,0.0187059776188538,1.0,0.9105351170568562,4.352395294234254,0.1265257325462602,0.40468227424749165
1,proxy_instability_diverse,0.030495385187516964,1,0.0,0.0,0.0016875376161128476,0.0,1.0,0.028807847571404116,1.0,0.2073578595317726,4.596248536569016,0.40941701617223775,-0.39966555183946484
1,random_final_population,0.030495385187516964,1,0.0,0.0,0.00034166248553347753,0.0,1.0,0.030153722701983486,1.0,0.4882943143812709,3.802851846687587,0.21018253446759,0.01964882943143815
2,action_diverse,4.72934684894748e-09,1,0.0,0.0,0.0,0.0,1.0,4.72934684894748e-09,1.0,0.5618729096989967,5.929511135041298,0.1757771502750611,-0.266304347826087
2,cem_disagreement_diverse,4.72934684894748e-09,1,0.0,0.0,0.0,0.0,1.0,4.72934684894748e-09,1.0,0.8988294314381271,4.839279948480964,0.16785790607488205,0.42558528428093645
2,proxy_instability_diverse,4.72934684894748e-09,1,0.0,0.0,0.0,0.0,1.0,4.72934684894748e-09,1.0,0.42474916387959866,5.5279946750318985,0.3038509279227048,-0.35284280936454854
2,random_final_population,4.72934684894748e-09,1,0.0,0.0,0.0,0.0,1.0,4.72934684894748e-09,0.875,0.4903846153846153,4.789984607559692,0.13898139873082158,0.0426421404682274
3,action_diverse,0.39768861380373405,0,0.0,0.0,0.01770986330627805,0.0,0.0,0.379978750497456,1.0,0.7173913043478262,5.644124028353593,0.0027966055505786896,-0.01755852842809362
3,cem_disagreement_diverse,0.39768861380373405,0,0.0,0.0,0.014229492315860126,0.0,0.0,0.3834591214878739,1.0,0.774665551839465,5.262207814406563,0.0027577088006775145,0.4013377926421405
3,proxy_instability_diverse,0.39768861380373405,0,1.0,0.02723239239434544,0.02723239239434544,0.0,0.0,0.3704562214093886,1.0,0.7575250836120402,5.6887667976709935,0.004226644173978002,-0.052257525083612026
3,random_final_population,0.39768861380373405,0,1.0,0.04021968653793362,0.04021968653793362,0.0,0.0,0.35746892726580043,1.0,0.4005016722408027,4.912202803274763,0.0017239814666653228,-0.051421404682274255
4,action_diverse,0.048676482178765065,0,1.0,0.022559196030599325,0.022559196030599325,1.0,1.0,0.02611728614816574,1.0,0.5911371237458194,7.542293808643646,0.2393757344656638,-0.08612040133779261
4,cem_disagreement_diverse,0.048676482178765065,0,0.0,0.0,0.01362660564304631,1.0,1.0,0.035049876535718755,1.0,0.8766722408026756,7.308587488257409,0.1241008284360681,0.33570234113712377
4,proxy_instability_diverse,0.048676482178765065,0,1.0,0.02542574998288281,0.02542574998288281,1.0,1.0,0.023250732195882255,1.0,0.30267558528428096,7.512240508611615,0.33766753242325165,-0.36245819397993306
4,random_final_population,0.048676482178765065,0,0.0,0.0,0.0039539250102237355,0.0,0.0,0.04472255716854133,1.0,0.49498327759197325,6.673921006472966,0.18932819067107967,0.02006688963210703
5,action_diverse,0.0549374402147152,0,0.0,0.0,0.0011895866277188763,0.0,0.0,0.053747853586996325,1.0,0.5823578595317725,4.848881081904775,0.18519227268253963,-0.26714046822742477
5,cem_disagreement_diverse,0.0549374402147152,0,0.0,0.0,0.005009576191726324,0.0,0.0,0.04992786402298888,1.0,0.7897157190635451,4.195552833697331,0.17256259249567904,0.45819397993311034
5,proxy_instability_diverse,0.0549374402147152,0,0.0,0.0,0.0011895866277188763,0.0,0.0,0.053747853586996325,1.0,0.43770903010033446,4.502549337536093,0.3369726875935345,-0.26588628762541805
5,random_final_population,0.0549374402147152,0,0.0,0.0,0.006514505458478058,0.0,0.0,0.04842293475623714,1.0,0.35242474916387956,3.8740809083414725,0.2545499722183251,-0.16429765886287628
6,action_diverse,0.0973327034590388,0,1.0,0.057427516795692454,0.057427516795692454,1.0,1.0,0.039905186663346345,1.0,0.7182274247491639,8.106064933376514,0.14020409962171257,-0.14172240802675584
6,cem_disagreement_diverse,0.0973327034590388,0,1.0,0.07162508797952898,0.07162508797952898,1.0,1.0,0.025707615479509827,1.0,0.8340301003344481,6.603938563682812,0.15230277805892073,0.39255852842809363
6,proxy_instability_diverse,0.0973327034590388,0,1.0,0.066971317980103,0.066971317980103,1.0,1.0,0.03036138547893579,1.0,0.41555183946488294,6.835734577308144,0.41610406649288556,-0.26421404682274247
6,random_final_population,0.0973327034590388,0,1.0,0.0653009689939359,0.0653009689939359,1.0,1.0,0.03203173446510289,1.0,0.5664715719063546,5.338517112994992,0.20942301786917894,0.2044314381270903
7,action_diverse,0.19963352364516015,0,0.0,0.0,0.0,0.0,0.0,0.19963352364516015,1.0,0.4577759197324414,6.3242540562289555,0.26975451302622766,-0.290133779264214
7,cem_disagreement_diverse,0.19963352364516015,0,0.0,0.0,5.6743351974392064e-05,0.0,0.0,0.19957678029318576,1.0,0.8185618729096991,5.534473642307834,0.13245538496145703,0.3908862876254181
7,proxy_instability_diverse,0.19963352364516015,0,0.0,0.0,7.404110779327122e-05,0.0,0.0,0.19955948253736688,1.0,0.2153010033444816,5.802245539456573,0.416325969306733,-0.3269230769230769
7,random_final_population,0.19963352364516015,0,0.0,0.0,5.9625487971615154e-05,0.0,0.0,0.19957389815718854,1.0,0.4402173913043478,5.241520381752667,0.23382437962637526,-0.057692307692307696
8,action_diverse,0.026078814910034796,1,0.0,0.0,0.006953477141377611,0.0,1.0,0.019125337768657186,1.0,0.4941471571906354,6.093066911733531,0.1060593883659317,-0.24205685618729098
8,cem_disagreement_diverse,0.026078814910034796,1,0.0,0.0,0.0020672643849920756,0.0,1.0,0.02401155052504272,1.0,0.7842809364548495,5.2034699103995745,0.17079284125026067,0.3419732441471572
8,proxy_instability_diverse,0.026078814910034796,1,0.0,0.0,0.0028829092240711465,0.0,1.0,0.02319590568596365,1.0,0.6316889632107023,5.8619755616814135,0.2092424898518584,-0.17767558528428096
8,random_final_population,0.026078814910034796,1,0.0,0.0,0.003192932792313495,0.0,1.0,0.0228858821177213,1.0,0.5,4.731545485747998,0.09485623313081659,0.03135451505016723
9,action_diverse,3.173945923911765e-13,1,0.0,0.0,0.0,0.0,1.0,3.173945923911765e-13,1.0,0.5543478260869565,5.365513121060182,0.1890570307782635,-0.25585284280936454
9,cem_disagreement_diverse,3.173945923911765e-13,1,0.0,0.0,0.0,0.0,1.0,3.173945923911765e-13,1.0,0.7240802675585285,4.603525265028885,0.14432167725882006,0.3319397993311037
9,proxy_instability_diverse,3.173945923911765e-13,1,0.0,0.0,0.0,0.0,1.0,3.173945923911765e-13,1.0,0.39005016722408026,5.0952592757083925,0.3198352118554368,-0.2065217391304348
9,random_final_population,3.173945923911765e-13,1,0.0,0.0,0.0,0.0,1.0,3.173945923911765e-13,1.0,0.5836120401337793,4.095909093364736,0.16936471257974414,0.10576923076923075
10,action_diverse,0.007811940580631088,1,0.0,0.0,0.0,0.0,1.0,0.007811940580631088,1.0,0.5167224080267558,6.648221839647159,0.23610634544537054,-0.3177257525083612
10,cem_disagreement_diverse,0.007811940580631088,1,0.0,0.0,0.0,0.0,1.0,0.007811940580631088,1.0,0.8227424749163879,5.6511986308813995,0.17464486000027546,0.4581939799331104
10,proxy_instability_diverse,0.007811940580631088,1,0.0,0.0,0.0,0.0,1.0,0.007811940580631088,1.0,0.4364548494983278,6.011043224066365,0.33354130398560583,-0.3432274247491639
10,random_final_population,0.007811940580631088,1,0.0,0.0,0.0,0.0,1.0,0.007811940580631088,1.0,0.20735785953177258,5.515319755973648,0.24896000677891736,-0.31187290969899667
11,action_diverse,0.05975643490419155,0,1.0,0.0344385502159992,0.0344385502159992,1.0,1.0,0.025317884688192353,1.0,0.47491638795986624,5.90802167968245,0.2231469186120278,-0.2834448160535117
11,cem_disagreement_diverse,0.05975643490419155,0,1.0,0.03648100944899389,0.03648100944899389,1.0,1.0,0.023275425455197663,1.0,0.8674749163879598,5.078577275189982,0.1879013129098437,0.4197324414715719
11,proxy_instability_diverse,0.05975643490419155,0,1.0,0.028030836685127986,0.028030836685127986,1.0,1.0,0.03172559821906357,1.0,0.15217391304347827,5.555521646912464,0.4106826899950467,-0.4757525083612041
11,random_final_population,0.05975643490419155,0,1.0,0.03497041480182169,0.03497041480182169,1.0,1.0,0.02478602010236986,1.0,0.46112040133779264,5.069284346042576,0.2638720152718119,-0.13628762541806022
12,action_diverse,0.007919476861936735,1,0.0,0.0,0.0,0.0,1.0,0.007919476861936735,1.0,0.5117056856187291,5.503503746524755,0.26491458460439515,-0.16220735785953178
12,cem_disagreement_diverse,0.007919476861936735,1,0.0,0.0,0.0,0.0,1.0,0.007919476861936735,1.0,0.81061872909699,4.9558997615752425,0.23621471744335604,0.5221571906354515
12,proxy_instability_diverse,0.007919476861936735,1,0.0,0.0,0.0,0.0,1.0,0.007919476861936735,1.0,0.5426421404682275,5.52104364041935,0.37125904287948386,-0.10284280936454848
12,random_final_population,0.007919476861936735,1,0.0,0.0,0.0,0.0,1.0,0.007919476861936735,1.0,0.4201505016722408,4.317812329946971,0.27579732640438287,-0.022993311036789303
13,action_diverse,0.02323840750792694,1,0.0,0.0,0.0018943046487874989,0.0,1.0,0.02134410285913944,1.0,0.4665551839464883,9.580210877337318,0.24878816671975845,-0.09698996655518397
13,cem_disagreement_diverse,0.02323840750792694,1,0.0,0.0,0.009041016563087466,0.0,1.0,0.014197390944839473,1.0,0.7566889632107023,8.458014121576584,0.1565028867423788,0.47240802675585286
13,proxy_instability_diverse,0.02323840750792694,1,0.0,0.0,0.0,0.0,1.0,0.02735414596744728,1.0,0.23411371237458195,8.429869878313776,0.521428316142391,-0.31521739130434784
13,random_final_population,0.02323840750792694,1,0.0,0.0,0.0,0.0,1.0,0.03465406569160623,1.0,0.6095317725752508,6.931244358828482,0.30427327925822056,-0.05685618729096993
14,action_diverse,0.26496806077256657,0,0.0,0.0,0.012063041767699512,0.0,0.0,0.25290501900486706,1.0,0.5785953177257526,5.583563720781614,0.010082205355295639,-0.14381270903010032
14,cem_disagreement_diverse,0.26496806077256657,0,1.0,0.03475483555722003,0.03475483555722003,0.0,0.0,0.23021322521534654,1.0,0.8030936454849498,5.041024493980469,0.013755620365492577,0.35827759197324416
14,proxy_instability_diverse,0.26496806077256657,0,1.0,0.03475483555722003,0.03475483555722003,0.0,0.0,0.23021322521534654,1.0,0.7253344481605352,5.286214722181354,0.018724074512010566,0.027173913043478277
14,random_final_population,0.26496806077256657,0,0.0,0.0,0.0,0.0,0.0,0.26764204296829014,1.0,0.6413043478260869,4.652224524926975,0.008300749687472596,0.06270903010033445
15,action_diverse,0.002237994973429498,1,0.0,0.0,0.0,0.0,1.0,0.002237994973429498,1.0,0.7571070234113713,5.656258631142681,0.1914418533175364,-0.04849498327759201
15,cem_disagreement_diverse,0.002237994973429498,1,0.0,0.0,0.0,0.0,1.0,0.002237994973429498,1.0,0.8574414715719063,4.992378904061426,0.1470265270123296,0.37834448160535117
15,proxy_instability_diverse,0.002237994973429498,1,0.0,0.0,0.0,0.0,1.0,0.002237994973429498,1.0,0.5484949832775919,5.5469533176737755,0.3237052727936992,-0.07901337792642144
15,random_final_population,0.002237994973429498,1,0.0,0.0,0.0,0.0,1.0,0.002237994973429498,1.0,0.39590301003344486,4.443932575764754,0.16522483785885228,-0.03637123745819398
16,action_diverse,0.03445311317133899,1,0.0,0.0,0.01186087061673113,0.0,1.0,0.02259224255460786,1.0,0.5372073578595318,6.066107335964427,0.21247439164335716,-0.22198996655518394
16,cem_disagreement_diverse,0.03445311317133899,1,0.0,0.0,0.004946667843712539,0.0,1.0,0.029506445327626453,1.0,0.8515886287625418,5.25685989789521,0.1670531028909443,0.3942307692307693
16,proxy_instability_diverse,0.03445311317133899,1,0.0,0.0,0.01186087061673113,0.0,1.0,0.02259224255460786,1.0,0.2244983277591973,5.5498796564305515,0.42585200105364096,-0.4105351170568562
16,random_final_population,0.03445311317133899,1,0.0,0.0,0.0019232346999957864,0.0,1.0,0.032529878471343206,1.0,0.37081939799331104,4.825110213076462,0.30388206496518033,0.014632107023411382
17,action_diverse,3.469446951953614e-18,1,0.0,0.0,0.0,0.0,1.0,3.469446951953614e-18,1.0,0.535953177257525,5.680969910495127,0.21030296565841403,-0.2934782608695652
17,cem_disagreement_diverse,3.469446951953614e-18,1,0.0,0.0,0.0,0.0,1.0,3.469446951953614e-18,1.0,0.782190635451505,5.161163860901298,0.24499294286774698,0.5137959866220736
17,proxy_instability_diverse,3.469446951953614e-18,1,0.0,0.0,0.0,0.0,1.0,3.469446951953614e-18,1.0,0.4523411371237458,5.7083115405129705,0.39211626857987025,-0.2855351170568562
17,random_final_population,3.469446951953614e-18,1,0.0,0.0,0.0,0.0,1.0,3.469446951953614e-18,1.0,0.5480769230769231,4.63678838856112,0.26116104608121093,0.08695652173913043
18,action_diverse,0.09775779481755016,0,0.0,0.0,5.46385043731501e-06,0.0,0.0,0.09775233096711285,1.0,0.4414715719063545,5.771422573102187,0.2539078771179817,-0.32316053511705684
18,cem_disagreement_diverse,0.09775779481755016,0,0.0,0.0,0.0,0.0,0.0,0.09775779481755016,1.0,0.782190635451505,4.947581028176172,0.1315691353945588,0.41931438127090304
18,proxy_instability_diverse,0.09775779481755016,0,0.0,0.0,0.0,0.0,0.0,0.09775779481755016,1.0,0.28929765886287623,5.478518338437052,0.38479700916389653,-0.24331103678929766
18,random_final_population,0.09775779481755016,0,0.0,0.0,8.457807542605611e-06,0.0,0.0,0.09774933701000756,1.0,0.36747491638795987,4.38766662190667,0.26853505208854966,-0.07148829431438129
19,action_diverse,0.03468916043532007,1,0.0,0.0,0.000847862343754946,0.0,1.0,0.03384129809156512,1.0,0.4661371237458194,5.571810639713481,0.2454910242333675,-0.2395484949832776
19,cem_disagreement_diverse,0.03468916043532007,1,0.0,0.0,0.001434229533868847,0.0,1.0,0.03325493090145122,1.0,0.8043478260869565,4.550454968109439,0.13989304668064623,0.44439799331103685
19,proxy_instability_diverse,0.03468916043532007,1,0.0,0.0,0.002494631121483508,0.0,1.0,0.03219452931383656,1.0,0.18561872909698995,5.207514640103124,0.4480361344216813,-0.45317725752508364
19,random_final_population,0.03468916043532007,1,0.0,0.0,0.0005965678127808141,0.0,1.0,0.034092592622539254,0.875,0.32065217391304346,4.337383432078749,0.25420891846055926,-0.10493311036789299
20,action_diverse,0.02779866888477078,1,0.0,0.0,0.008460587541899836,0.0,1.0,0.019338081342870943,1.0,0.4552675585284281,7.18237575323403,0.1750665253217844,-0.229933110367893
20,cem_disagreement_diverse,0.02779866888477078,1,0.0,0.0,0.014144051413830534,0.0,1.0,0.013654617470940246,1.0,0.5999163879598662,6.396030306432027,0.15009509802674662,0.39005016722408026
20,proxy_instability_diverse,0.02779866888477078,1,0.0,0.0,0.00882240195296673,0.0,1.0,0.01897626693180405,1.0,0.342809364548495,6.348894568748014,0.28951574954716935,-0.1471571906354515
20,random_final_population,0.02779866888477078,1,0.0,0.0,0.0064238473040611685,0.0,1.0,0.02137482158070961,1.0,0.40969899665551834,5.013261660870411,0.21960955677718672,-0.1137123745819398
21,action_diverse,0.14515028430159108,0,0.0,0.0,0.0,0.0,0.0,0.14515028430159108,1.0,0.5530936454849498,7.0969543815067,0.16995350623972288,-0.09197324414715717
21,cem_disagreement_diverse,0.14515028430159108,0,0.0,0.0,0.0,0.0,0.0,0.14515028430159108,1.0,0.7491638795986622,5.98233927058374,0.1313967966104785,0.42976588628762546
21,proxy_instability_diverse,0.14515028430159108,0,0.0,0.0,0.0,0.0,0.0,0.14515028430159108,1.0,0.30225752508361203,6.088527413796649,0.28651867729840197,-0.3173076923076923
21,random_final_population,0.14515028430159108,0,0.0,0.0,0.0,0.0,0.0,0.14515028430159108,1.0,0.3448996655518395,5.0493795350174135,0.15756331894371994,-0.21195652173913046
22,action_diverse,0.2757231930286477,0,1.0,0.22835359257691457,0.22835359257691457,0.0,0.0,0.04736960045173311,1.0,0.5418060200668897,6.686646029282008,0.21961519641740906,-0.05016722408026755
22,cem_disagreement_diverse,0.2757231930286477,0,0.0,0.0,0.01022836876654687,0.0,0.0,0.2654948242621008,1.0,0.8118729096989967,5.672584310775919,0.1555460313993643,0.4857859531772576
22,proxy_instability_diverse,0.2757231930286477,0,0.0,0.0,0.007161555587358426,0.0,0.0,0.26856163744128925,1.0,0.24623745819397996,6.237442987560368,0.4067483799576492,-0.27842809364548493
22,random_final_population,0.2757231930286477,0,0.0,0.0,0.00896959211778342,0.0,0.0,0.26675360091086425,1.0,0.43018394648829433,5.141371579749797,0.24355032151624806,-0.012541806020066888
23,action_diverse,0.10085075374431213,0,0.0,0.0,6.673350372250753e-05,0.0,0.0,0.10078402024058962,1.0,0.6316889632107023,5.669739857551283,0.20276751858880906,-0.2416387959866221
23,cem_disagreement_diverse,0.10085075374431213,0,1.0,0.06742933399546328,0.06742933399546328,1.0,1.0,0.033421419748848845,1.0,0.778428093645485,4.774310072065007,0.20526031011712,0.43561872909698995
23,proxy_instability_diverse,0.10085075374431213,0,1.0,0.061915871119047054,0.061915871119047054,1.0,1.0,0.03893488262526507,1.0,0.4561036789297659,5.303464371776694,0.4023873903791148,-0.10618729096989968
23,random_final_population,0.10085075374431213,0,0.0,0.0,0.0022019520206772725,0.0,0.0,0.09864880172363485,1.0,0.5221571906354515,4.368674986713357,0.23162853445967072,0.013377926421404673
24,action_diverse,0.009220385017998704,1,0.0,0.0,0.0024200371430576134,0.0,1.0,0.006800347874941091,1.0,0.7040133779264214,6.829974315739786,0.2526689380031362,-0.1116220735785953
24,cem_disagreement_diverse,0.009220385017998704,1,0.0,0.0,0.0016021674859838329,0.0,1.0,0.0076182175320148714,1.0,0.7449832775919732,5.983161875110567,0.1973277618847676,0.4698996655518395
24,proxy_instability_diverse,0.009220385017998704,1,0.0,0.0,0.001989856718521716,0.0,1.0,0.007230528299476988,1.0,0.4481605351170569,6.416809777927132,0.2899554188555967,-0.16638795986622074
24,random_final_population,0.009220385017998704,1,0.0,0.0,0.0007951916396870141,0.0,1.0,0.00842519337831169,1.0,0.4184782608695652,4.871112230751796,0.21284072955786934,-0.21571906354515052
25,action_diverse,0.03495331899337865,1,0.0,0.0,0.0026100243094849956,0.0,1.0,0.03234329468389365,1.0,0.5342809364548495,6.4043052699633565,0.30986913779839526,-0.08862876254180602
25,cem_disagreement_diverse,0.03495331899337865,1,0.0,0.0,0.004191834263640518,0.0,1.0,0.03076148472973813,1.0,0.7872073578595318,5.578168478992602,0.16790087387068528,0.46321070234113715
25,proxy_instability_diverse,0.03495331899337865,1,0.0,0.0,0.0037035021118077167,0.0,1.0,0.03124981688157093,1.0,0.21822742474916387,6.027963868515338,0.5146565513496358,-0.4326923076923077
25,random_final_population,0.03495331899337865,1,0.0,0.0,0.0016841557077579214,0.0,1.0,0.033269163285620726,1.0,0.5752508361204014,4.781987587628004,0.2648284015111959,0.3210702341137124
26,action_diverse,0.03546167044070183,1,0.0,0.0,0.015504180914611681,0.0,1.0,0.01995748952609015,1.0,0.41304347826086957,6.370938900371136,0.14042125002486358,-0.3457357859531773
26,cem_disagreement_diverse,0.03546167044070183,1,0.0,0.0,0.01220671744097454,0.0,1.0,0.02325495299972729,1.0,0.7872073578595318,5.564637012515586,0.14952031698080692,0.4498327759197324
26,proxy_instability_diverse,0.03546167044070183,1,0.0,0.0,0.0072548365240389275,0.0,1.0,0.028206833916662902,1.0,0.4318561872909699,5.655173372612429,0.26559600222155094,-0.2729933110367893
26,random_final_population,0.03546167044070183,1,0.0,0.0,0.011774934143850928,0.0,1.0,0.0236867362968509,1.0,0.4740802675585284,5.209794771226019,0.1530794884671689,-0.19607023411371235
27,action_diverse,0.0030138807682326255,1,0.0,0.0,0.0019760320065794674,0.0,1.0,0.0010378487616531581,1.0,0.45401337792642144,5.42707843055718,0.19001190186186023,-0.2997491638795987
27,cem_disagreement_diverse,0.0030138807682326255,1,0.0,0.0,0.0012980958619066283,0.0,1.0,0.0017157849063259973,1.0,0.8770903010033445,4.726976899685912,0.1246991623062354,0.3971571906354515
27,proxy_instability_diverse,0.0030138807682326255,1,0.0,0.0,0.0019760320065794674,0.0,1.0,0.0010378487616531581,1.0,0.47324414715719065,5.160934618789284,0.26452537188631975,-0.15635451505016723
27,random_final_population,0.0030138807682326255,1,0.0,0.0,0.0017156909631211043,0.0,1.0,0.0012981898051115212,1.0,0.5819397993311037,4.777661303365427,0.18948993190339203,-0.13001672240802675
28,action_diverse,0.03491655874973962,1,0.0,0.0,0.015500192095716143,0.0,1.0,0.019416366654023475,1.0,0.5137959866220736,5.039592022649918,0.2098475392207591,-0.3377926421404682
28,cem_disagreement_diverse,0.03491655874973962,1,0.0,0.0,0.012037284806827864,0.0,1.0,0.022879273942911754,1.0,0.8566053511705685,4.5636590140586994,0.16908015950187466,0.5334448160535117
28,proxy_instability_diverse,0.03491655874973962,1,0.0,0.0,0.010216604309482038,0.0,1.0,0.02469995444025758,1.0,0.36245819397993306,4.757832505772258,0.29083195138096535,-0.4076086956521739
28,random_final_population,0.03491655874973962,1,0.0,0.0,0.015412825651777935,0.0,1.0,0.019503733097961683,1.0,0.5380434782608696,4.007427354754649,0.154798072966553,-0.07023411371237458
29,action_diverse,0.473712076338518,0,1.0,0.023399253565389244,0.023399253565389244,0.0,0.0,0.45031282277312873,1.0,0.6112040133779264,7.795496242381638,0.003902514364202108,-0.08946488294314384
29,cem_disagreement_diverse,0.473712076338518,0,0.0,0.0,0.008165600521150451,0.0,0.0,0.4655464758173675,1.0,0.7495819397993311,6.260869130985935,0.0070529053210648795,0.4226588628762542
29,proxy_instability_diverse,0.473712076338518,0,0.0,0.0,0.014857233399783065,0.0,0.0,0.4588548429387349,1.0,0.7646321070234113,7.016613142608685,0.007940721451653636,0.02968227424749162
29,random_final_population,0.473712076338518,0,0.0,0.0,0.0,0.0,0.0,0.4804610353115493,1.0,0.45401337792642144,5.623790124309286,0.0028135301094875456,-0.17642140468227424
30,action_diverse,0.0,1,0.0,0.0,0.0,0.0,1.0,0.0,1.0,0.4109531772575251,4.4525173937640865,0.1146273202574374,-0.2265886287625418
30,cem_disagreement_diverse,0.0,1,0.0,0.0,0.0,0.0,1.0,0.0,1.0,0.8076923076923077,4.154252193819854,0.14112276889403985,0.32274247491638797
30,proxy_instability_diverse,0.0,1,0.0,0.0,0.0,0.0,1.0,0.0,1.0,0.6810200668896321,4.3880238856337055,0.20717102164353637,0.08486622073578597
30,random_final_population,0.0,1,0.0,0.0,0.0,0.0,1.0,0.0,1.0,0.5288461538461539,3.812442092467388,0.13403331817397124,-0.04974916387959871
31,action_diverse,0.03139441247700035,1,0.0,0.0,0.0,0.0,1.0,0.03262055465428407,1.0,0.6316889632107023,5.097030216008961,0.20907710722217399,-0.28051839464882944
31,cem_disagreement_diverse,0.03139441247700035,1,0.0,0.0,0.00914155270677465,0.0,1.0,0.022252859770225702,1.0,0.8294314381270902,4.185128618647729,0.1293336737154401,0.45944816053511706
31,proxy_instability_diverse,0.03139441247700035,1,0.0,0.0,0.017726377714728604,0.0,1.0,0.01366803476227175,1.0,0.37165551839464883,4.531165268574989,0.33909371529308874,-0.19272575250836121
31,random_final_population,0.03139441247700035,1,0.0,0.0,0.0026760313553108976,0.0,1.0,0.028718381121689455,1.0,0.38963210702341133,3.8330335053551146,0.2111510325998756,-0.08026755852842808
32,action_diverse,0.44388482266370266,0,0.0,0.0,0.01931452868293304,0.0,0.0,0.4245702939807696,1.0,0.5505852842809364,6.4118632709202865,0.0066278004522464995,-0.25794314381270905
32,cem_disagreement_diverse,0.44388482266370266,0,0.0,0.0,0.01591575422021102,0.0,0.0,0.42796906844349164,1.0,0.8515886287625418,5.464405872711012,0.008473127573780784,0.3394648829431438
32,proxy_instability_diverse,0.44388482266370266,0,1.0,0.03491715240390786,0.03491715240390786,0.0,0.0,0.4089676702597948,1.0,0.7462374581939799,6.085745535762291,0.0098900957334975,0.08486622073578592
32,random_final_population,0.44388482266370266,0,1.0,0.026279644285737702,0.026279644285737702,0.0,0.0,0.41760517837796496,1.0,0.5877926421404682,5.282641493469212,0.00678575868437009,0.05811036789297659
33,action_diverse,0.3263151437463434,0,0.0,0.0,0.013604143200873386,0.0,0.0,0.31271100054547,1.0,0.6776755852842808,7.115088601291736,0.011014271329456666,-0.12918060200668896
33,cem_disagreement_diverse,0.3263151437463434,0,0.0,0.0,0.016797589341944974,0.0,0.0,0.30951755440439843,1.0,0.8177257525083612,6.543085962650162,0.013242039634566449,0.3110367892976589
33,proxy_instability_diverse,0.3263151437463434,0,0.0,0.0,0.01577285939065054,0.0,0.0,0.31054228435569287,1.0,0.8357023411371237,6.572242498951364,0.017356809061269636,0.19857859531772576
33,random_final_population,0.3263151437463434,0,0.0,0.0,0.013694415707600771,0.0,0.0,0.31262072803874263,1.0,0.4448160535117057,5.6580727169303255,0.007188553456932249,-0.031354515050167224
34,action_diverse,0.1613447842505896,0,1.0,0.06985654226488386,0.06985654226488386,0.0,0.0,0.09148824198570574,1.0,0.6321070234113713,5.207617116954402,0.007796498993542834,-0.11747491638795989
34,cem_disagreement_diverse,0.1613447842505896,0,1.0,0.0886608943832948,0.0886608943832948,0.0,0.0,0.0726838898672948,1.0,0.7437290969899666,4.928083903474612,0.008942054886708954,0.3411371237458194
34,proxy_instability_diverse,0.1613447842505896,0,1.0,0.0786522259564393,0.0786522259564393,0.0,0.0,0.0826925582941503,1.0,0.7796822742474916,5.0483984105045385,0.014728037271558254,0.0831939799331104
34,random_final_population,0.1613447842505896,0,1.0,0.07997605327527735,0.07997605327527735,0.0,0.0,0.08136873097531225,1.0,0.6605351170568563,4.773787345129423,0.007445547489990882,-0.0033444816053511683
35,action_diverse,0.035851221729338974,1,0.0,0.0,0.013833422260693888,0.0,1.0,0.022017799468645086,1.0,0.4761705685618729,5.767718990001832,0.18235400707308946,-0.3862876254180603
35,cem_disagreement_diverse,0.035851221729338974,1,0.0,0.0,0.019988215948373952,0.0,1.0,0.01586300578096502,1.0,0.7964046822742474,5.0129322443041895,0.15730258199892602,0.4406354515050167
35,proxy_instability_diverse,0.035851221729338974,1,1.0,0.026311816761510568,0.026311816761510568,0.0,1.0,0.009539404967828406,1.0,0.4310200668896321,5.177626625902734,0.33207951987481965,-0.1488294314381271
35,random_final_population,0.035851221729338974,1,0.0,0.0,0.0037032563597263132,0.0,1.0,0.03214796536961266,1.0,0.4544314381270903,4.716847959175601,0.3137486872370022,0.0041806020066889465
36,action_diverse,0.0037445144111637545,1,0.0,0.0,0.0,0.0,1.0,0.0037445144111637545,1.0,0.5367892976588629,5.739392649810849,0.13995473935598463,-0.3770903010033445
36,cem_disagreement_diverse,0.0037445144111637545,1,0.0,0.0,0.0,0.0,1.0,0.0037445144111637545,1.0,0.8156354515050166,4.951182002576825,0.16864828101352197,0.38545150501672243
36,proxy_instability_diverse,0.0037445144111637545,1,0.0,0.0,0.0,0.0,1.0,0.0037445144111637545,1.0,0.40217391304347827,5.142633372768589,0.27659594529178366,-0.27299331103678937
36,random_final_population,0.0037445144111637545,1,0.0,0.0,0.0,0.0,1.0,0.0037445144111637545,1.0,0.3081103678929766,4.523847747728379,0.13484325091545496,-0.14255852842809363
37,action_diverse,0.03451477601056782,1,0.0,0.0,0.017741021320971776,0.0,1.0,0.016773754689596045,1.0,0.42349498327759205,7.024190007884516,0.184181957291776,-0.2964046822742475
37,cem_disagreement_diverse,0.03451477601056782,1,1.0,0.02374227576622745,0.02374227576622745,0.0,1.0,0.010772500244340372,1.0,0.802675585284281,5.555848642489903,0.16795442484912665,0.4778428093645485
37,proxy_instability_diverse,0.03451477601056782,1,1.0,0.020742296939101366,0.020742296939101366,0.0,1.0,0.013772479071466457,1.0,0.41178929765886285,6.607622550878888,0.2994183999639173,-0.3448996655518395
37,random_final_population,0.03451477601056782,1,1.0,0.023858428950974505,0.023858428950974505,0.0,1.0,0.010656347059593316,1.0,0.528010033444816,4.393530398214739,0.18862107403356396,0.10618729096989968
38,action_diverse,0.0,1,0.0,0.0,0.0,0.0,1.0,0.0,1.0,0.5948996655518395,5.352911254455126,0.19667022358117797,-0.16680602006688963
38,cem_disagreement_diverse,0.0,1,0.0,0.0,0.0,0.0,1.0,0.0,1.0,0.7579431438127091,4.7035343140327095,0.11239878591239953,0.33904682274247494
38,proxy_instability_diverse,0.0,1,0.0,0.0,0.0,0.0,1.0,0.0,1.0,0.4205685618729097,4.679609508152037,0.3343358113898037,-0.1680602006688963
38,random_final_population,0.0,1,0.0,0.0,0.0,0.0,1.0,0.0,1.0,0.4903846153846154,4.431915300247333,0.22491546543264712,-0.16638795986622074
39,action_diverse,0.027766401559291415,1,1.0,0.020230824052242892,0.020230824052242892,0.0,1.0,0.007535577507048522,1.0,0.7412207357859532,4.304709376708953,0.20145927585364518,-0.012123745819397999
39,cem_disagreement_diverse,0.027766401559291415,1,0.0,0.0,0.00865278807668261,0.0,1.0,0.019113613482608805,1.0,0.8536789297658862,3.9596941707211535,0.15700272610953217,0.33361204013377926
39,proxy_instability_diverse,0.027766401559291415,1,0.0,0.0,0.009303399293754785,0.0,1.0,0.01846300226553663,1.0,0.3494983277591973,4.0079955679535235,0.3245852978141983,-0.3239966555183946
39,random_final_population,0.027766401559291415,1,0.0,0.0,0.009303399293754785,0.0,1.0,0.01846300226553663,1.0,0.49665551839464883,3.8982096728087727,0.2234575552139978,-0.19774247491638797
40,action_diverse,0.0,1,0.0,0.0,0.0,0.0,1.0,0.0,1.0,0.6220735785953178,4.968994221055469,0.2039368580651645,-0.13294314381270905
40,cem_disagreement_diverse,0.0,1,0.0,0.0,0.0,0.0,1.0,0.0,1.0,0.8854515050167224,4.453627360549839,0.19027860062134588,0.4761705685618729
40,proxy_instability_diverse,0.0,1,0.0,0.0,0.0,0.0,1.0,0.0,1.0,0.4005016722408027,4.674193760263685,0.3316961314098217,-0.22951505016722407
40,random_final_population,0.0,1,0.0,0.0,0.0,0.0,1.0,0.0,1.0,0.5054347826086956,3.911789057419434,0.15751608385964672,-0.06312709030100336
41,action_diverse,0.21588178636435607,0,1.0,0.1202587739504496,0.1202587739504496,0.0,0.0,0.09562301241390647,1.0,0.600334448160535,7.036775048649321,0.03696770948153166,0.015050167224080258
41,cem_disagreement_diverse,0.21588178636435607,0,0.0,0.0,0.00971649394053678,0.0,0.0,0.20616529242381929,1.0,0.8377926421404682,6.264460315039344,0.03281695666240013,0.3795986622073579
41,proxy_instability_diverse,0.21588178636435607,0,1.0,0.05641210579839173,0.05641210579839173,0.0,0.0,0.15946968056596433,1.0,0.5317725752508361,6.866480399794041,0.05855895898136929,-0.10953177257525082
41,random_final_population,0.21588178636435607,0,1.0,0.14354259168088299,0.14354259168088299,0.0,0.0,0.07233919468347308,0.875,0.40384615384615385,5.619152574566739,0.030766268294726506,-0.17725752508361203
42,action_diverse,0.15004370993287555,0,1.0,0.0997092434304716,0.0997092434304716,0.0,0.0,0.05033446650240394,1.0,0.6233277591973244,5.555905570632775,0.007519264004805158,-0.25668896321070234
42,cem_disagreement_diverse,0.15004370993287555,0,1.0,0.09373966003190604,0.09373966003190604,0.0,0.0,0.056304049900969516,1.0,0.81061872909699,4.997667699080497,0.008028986298442755,0.43645484949832775
42,proxy_instability_diverse,0.15004370993287555,0,1.0,0.07634890252362599,0.07634890252362599,0.0,0.0,0.07369480740924957,1.0,0.81438127090301,5.085834026471216,0.010946542550821317,0.0346989966555184
42,random_final_population,0.15004370993287555,0,1.0,0.048174077086297756,0.048174077086297756,0.0,0.0,0.1018696328465778,1.0,0.5179765886287626,4.534239199953604,0.0058342779242531355,-0.05142140468227425
43,action_diverse,0.017183317676276882,1,0.0,0.0,0.0033097833994068845,0.0,1.0,0.013873534276869997,1.0,0.3967391304347826,5.971156467772513,0.24356812335307199,-0.28846153846153844
43,cem_disagreement_diverse,0.017183317676276882,1,0.0,0.0,0.0055945166676805,0.0,1.0,0.011588801008596382,1.0,0.7838628762541806,5.50033560504956,0.1727459469829094,0.37834448160535117
43,proxy_instability_diverse,0.017183317676276882,1,0.0,0.0,0.0028427131000525897,0.0,1.0,0.014340604576224292,1.0,0.4527591973244147,5.623598541491416,0.36720265737605173,-0.07357859531772576
43,random_final_population,0.017183317676276882,1,0.0,0.0,0.0027153731547147394,0.0,1.0,0.014467944521562142,1.0,0.33988294314381273,4.877047751707796,0.31033765139420333,-0.06229096989966555
44,action_diverse,0.0,1,0.0,0.0,0.0,0.0,1.0,0.0,1.0,0.5016722408026756,4.723837831843312,0.18287029125932686,-0.14381270903010035
44,cem_disagreement_diverse,0.0,1,0.0,0.0,0.0,0.0,1.0,0.0,1.0,0.8720735785953178,4.113698205460977,0.14846681246734705,0.4009197324414715
44,proxy_instability_diverse,0.0,1,0.0,0.0,0.0,0.0,1.0,0.0,1.0,0.4548494983277592,4.566669400361221,0.3261827352546074,-0.20108695652173916
44,random_final_population,0.0,1,0.0,0.0,0.0,0.0,1.0,0.0,1.0,0.4460702341137124,3.858995352222984,0.13382351617966926,-0.05894648829431437
45,action_diverse,0.21067262878536078,0,1.0,0.17209914818609223,0.17209914818609223,1.0,1.0,0.03857348059926856,1.0,0.5911371237458194,6.807306199478647,0.21784666993812177,-0.19021739130434784
45,cem_disagreement_diverse,0.21067262878536078,0,1.0,0.1744848144288071,0.1744848144288071,1.0,1.0,0.036187814356553695,1.0,0.8273411371237458,6.105021874225789,0.17050587649790128,0.37583612040133785
45,proxy_instability_diverse,0.21067262878536078,0,0.0,0.0,0.001943487789552889,0.0,0.0,0.2087291409958079,1.0,0.3181438127090301,6.374813751827168,0.3596915950907652,-0.34824414715719065
45,random_final_population,0.21067262878536078,0,1.0,0.1744848144288071,0.1744848144288071,1.0,1.0,0.036187814356553695,0.875,0.5948996655518395,5.3979134337001415,0.26583006551203825,0.05769230769230769
46,action_diverse,0.028644479434335225,1,0.0,0.0,0.0,0.0,0.0,0.04511161936551941,1.0,0.4469063545150502,8.032713853806744,0.2728223384030049,-0.270066889632107
46,cem_disagreement_diverse,0.028644479434335225,1,0.0,0.0,0.0,0.0,1.0,0.036577703932244514,1.0,0.7274247491638797,6.784029775565157,0.1526604984260836,0.4506688963210702
46,proxy_instability_diverse,0.028644479434335225,1,0.0,0.0,0.0,0.0,1.0,0.03591245379134775,1.0,0.2270066889632107,7.4433416362055524,0.4608353394874543,-0.41178929765886285
46,random_final_population,0.028644479434335225,1,0.0,0.0,0.0,0.0,0.0,0.10018947837333081,1.0,0.5455685618729097,5.307861830039249,0.24072363063236943,0.08444816053511704
47,action_diverse,0.016943676551279457,1,0.0,0.0,0.0,0.0,1.0,0.016943676551279457,1.0,0.5819397993311037,7.304266069281814,0.1993540614301065,0.011287625418060193
47,cem_disagreement_diverse,0.016943676551279457,1,0.0,0.0,0.0,0.0,1.0,0.016943676551279457,1.0,0.81061872909699,6.238834132576558,0.18098249032380298,0.4051003344481605
47,proxy_instability_diverse,0.016943676551279457,1,0.0,0.0,0.0,0.0,1.0,0.016943676551279457,1.0,0.31354515050167225,6.761312430001788,0.31740304115934137,-0.26881270903010035
47,random_final_population,0.016943676551279457,1,0.0,0.0,0.0,0.0,1.0,0.016943676551279457,1.0,0.47282608695652173,5.662834872916895,0.18809778176138825,-0.14882943143812707
48,action_diverse,0.09445005459299706,0,0.0,0.0,0.0,0.0,0.0,0.09445005459299706,1.0,0.367056856187291,6.096125358851304,0.2748042247473609,-0.2654682274247492
48,cem_disagreement_diverse,0.09445005459299706,0,0.0,0.0,0.0,0.0,0.0,0.09445005459299706,1.0,0.8127090301003345,5.677251338682338,0.12056579030625807,0.4866220735785953
48,proxy_instability_diverse,0.09445005459299706,0,0.0,0.0,0.0,0.0,0.0,0.09445005459299706,1.0,0.3415551839464883,5.862731806080012,0.33860637206044286,-0.11287625418060204
48,random_final_population,0.09445005459299706,0,0.0,0.0,0.0,0.0,0.0,0.09445005459299706,1.0,0.6187290969899666,4.854791693133926,0.21744205218880971,0.10827759197324416
49,action_diverse,0.06736303589297565,0,1.0,0.030128514912159038,0.030128514912159038,1.0,1.0,0.037234520980816616,1.0,0.6877090301003344,4.698634877257197,0.18209619450447534,-0.033862876254180635
49,cem_disagreement_diverse,0.06736303589297565,0,1.0,0.03140751658150356,0.03140751658150356,1.0,1.0,0.035955519311472096,1.0,0.7913879598662208,4.3719291152250515,0.20274172856207942,0.3536789297658863
49,proxy_instability_diverse,0.06736303589297565,0,1.0,0.03350738218490205,0.03350738218490205,1.0,1.0,0.033855653708073606,1.0,0.19063545150501673,4.538069775800204,0.3606918902916281,-0.3210702341137124
49,random_final_population,0.06736303589297565,0,1.0,0.02965028161650251,0.02965028161650251,1.0,1.0,0.037712754276473144,1.0,0.5572742474916389,3.8922597722195924,0.19829144031896714,0.07023411371237459
50,action_diverse,5.413137880891017e-12,1,0.0,0.0,0.0,0.0,1.0,5.413137880891017e-12,1.0,0.5664715719063544,5.26544790039437,0.1742060564579721,-0.2675585284280937
50,cem_disagreement_diverse,5.413137880891017e-12,1,0.0,0.0,0.0,0.0,1.0,5.413137880891017e-12,1.0,0.8060200668896321,4.510123833826991,0.1303908993001618,0.4841137123745819
50,proxy_instability_diverse,5.413137880891017e-12,1,0.0,0.0,0.0,0.0,1.0,5.413137880891017e-12,1.0,0.44356187290969906,4.874032686600531,0.3085719442684487,-0.18770903010033446
50,random_final_population,5.413137880891017e-12,1,0.0,0.0,0.0,0.0,1.0,5.413137880891017e-12,1.0,0.4569397993311037,4.238039646902337,0.16405702838218772,-0.03469899665551841
51,action_diverse,0.0,1,0.0,0.0,0.0,0.0,1.0,0.0,1.0,0.6375418060200669,6.961818468391655,0.13703318565338685,-0.17056856187290972
51,cem_disagreement_diverse,0.0,1,0.0,0.0,0.0,0.0,1.0,0.0,1.0,0.7558528428093646,5.202976149303161,0.21218031482946836,0.33570234113712377
51,proxy_instability_diverse,0.0,1,0.0,0.0,0.0,0.0,1.0,0.0,1.0,0.2721571906354515,5.619909887842997,0.38308977454438636,-0.2738294314381271
51,random_final_population,0.0,1,0.0,0.0,0.0,0.0,1.0,0.0,1.0,0.5338628762541806,5.152711132408911,0.22093939949732555,-0.10158862876254181
52,action_diverse,0.03972971128773157,1,1.0,0.028542905043047646,0.028542905043047646,0.0,1.0,0.011186806244683923,1.0,0.6300167224080269,5.516714921893598,0.18703902663786046,-0.2357859531772575
52,cem_disagreement_diverse,0.03972971128773157,1,0.0,0.0,0.013420234778328027,0.0,1.0,0.026309476509403542,1.0,0.7098662207357859,4.642542420452006,0.23443700787517888,0.4222408026755853
52,proxy_instability_diverse,0.03972971128773157,1,1.0,0.02945436182491111,0.02945436182491111,0.0,1.0,0.01027534946282046,1.0,0.34364548494983277,5.1419196806712195,0.3797023019011905,-0.3494983277591973
52,random_final_population,0.03972971128773157,1,1.0,0.02733016480450117,0.02733016480450117,0.0,1.0,0.0123995464832304,1.0,0.5986622073578596,4.255481741189499,0.25629189768765115,0.05183946488294315
53,action_diverse,0.11583880078900975,0,0.0,0.0,0.00048136442636065313,0.0,0.0,0.1153574363626491,1.0,0.520066889632107,5.7151441967651095,0.2105765930238034,-0.21362876254180604
53,cem_disagreement_diverse,0.11583880078900975,0,1.0,0.07685150742731506,0.07685150742731506,1.0,1.0,0.0389872933616947,1.0,0.7913879598662208,5.348845742438353,0.20080626122579684,0.38001672240802675
53,proxy_instability_diverse,0.11583880078900975,0,1.0,0.08752692498682293,0.08752692498682293,1.0,1.0,0.02831187580218682,1.0,0.3942307692307693,5.243049724959128,0.37851790956628145,-0.2545986622073579
53,random_final_population,0.11583880078900975,0,0.0,0.0,0.00015644756179566954,0.0,0.0,0.11568235322721408,1.0,0.6024247491638797,4.5891861062817645,0.15743844120750014,0.0317725752508361
54,action_diverse,0.0204491118883127,1,0.0,0.0,0.00055959072426481,0.0,1.0,0.01988952116404789,1.0,0.5158862876254181,5.621780614590254,0.08732993295829869,-0.14882943143812707
54,cem_disagreement_diverse,0.0204491118883127,1,0.0,0.0,0.00036813367123717314,0.0,1.0,0.020080978217075527,1.0,0.7976588628762541,4.957454848374619,0.11037642772634687,0.4686454849498327
54,proxy_instability_diverse,0.0204491118883127,1,0.0,0.0,0.00036813367123717314,0.0,1.0,0.020080978217075527,1.0,0.6747491638795987,5.029785811542753,0.17728394940206257,0.05811036789297659
54,random_final_population,0.0204491118883127,1,0.0,0.0,0.0005082262102270134,0.0,1.0,0.019940885678085687,1.0,0.5622909698996655,4.559967153321104,0.12982786479219738,-0.03469899665551835
55,action_diverse,0.031088787236123242,1,0.0,0.0,0.0025680010426698575,0.0,1.0,0.028520786193453385,1.0,0.5815217391304348,7.8030612175824885,0.16998430616318627,-0.1112040133779264
55,cem_disagreement_diverse,0.031088787236123242,1,0.0,0.0,0.0007146021550376545,0.0,1.0,0.030374185081085588,1.0,0.7859531772575251,7.188336360785774,0.14648863348614538,0.3277591973244147
55,proxy_instability_diverse,0.031088787236123242,1,0.0,0.0,0.0025680010426698575,0.0,1.0,0.028520786193453385,1.0,0.4627926421404682,7.245199311322418,0.2539554694995998,-0.2495819397993311
55,random_final_population,0.031088787236123242,1,0.0,0.0,0.0,0.0,1.0,0.03298163674925654,1.0,0.5919732441471572,5.276805127455609,0.23597584944857236,0.07775919732441475
56,action_diverse,0.0037298614043071747,1,0.0,0.0,0.0,0.0,1.0,0.0037298614043071747,1.0,0.592391304347826,5.273155876337276,0.1397568883963726,-0.18979933110367897
56,cem_disagreement_diverse,0.0037298614043071747,1,0.0,0.0,0.0,0.0,1.0,0.0037298614043071747,1.0,0.8319397993311037,4.818226848986115,0.16548767880297868,0.3904682274247492
56,proxy_instability_diverse,0.0037298614043071747,1,0.0,0.0,0.0,0.0,1.0,0.0037298614043071747,1.0,0.5769230769230769,5.116993525753792,0.2554427610702934,-0.15635451505016723
56,random_final_population,0.0037298614043071747,1,0.0,0.0,0.0,0.0,1.0,0.0037298614043071747,1.0,0.5547658862876255,4.3377366932621,0.17802512234792484,0.08570234113712374
57,action_diverse,0.0,1,0.0,0.0,0.0,0.0,1.0,0.0,1.0,0.5342809364548495,5.759834591694315,0.21963171312376137,-0.12750836120401335
57,cem_disagreement_diverse,0.0,1,0.0,0.0,0.0,0.0,1.0,0.0,1.0,0.7324414715719063,4.847962979126471,0.2092664516778705,0.4540133779264214
57,proxy_instability_diverse,0.0,1,0.0,0.0,0.0,0.0,1.0,0.0,1.0,0.3352842809364549,5.176933066360183,0.3343889402422529,-0.24540133779264214
57,random_final_population,0.0,1,0.0,0.0,0.0,0.0,1.0,0.0,1.0,0.4619565217391305,4.216402048219872,0.18390417192638964,-0.026755852842809347
58,action_diverse,0.2546241477030514,0,1.0,0.22369988089215934,0.22369988089215934,1.0,1.0,0.030924266810892078,1.0,0.5514214046822743,5.867244212104005,0.17186888107675444,-0.2069397993311037
58,cem_disagreement_diverse,0.2546241477030514,0,1.0,0.21912090033968362,0.21912090033968362,1.0,1.0,0.03550324736336781,1.0,0.6989966555183946,4.871658266436523,0.20473008174204071,0.41806020066889626
58,proxy_instability_diverse,0.2546241477030514,0,1.0,0.22350714204469435,0.22350714204469435,1.0,1.0,0.031117005658357066,1.0,0.3566053511705686,5.384815838636768,0.3749562859324544,-0.20693979933110368
58,random_final_population,0.2546241477030514,0,1.0,0.22537789128966368,0.22537789128966368,1.0,1.0,0.029246256413387725,1.0,0.32357859531772576,4.785223451091789,0.2518187232395194,-0.10994983277591971
59,action_diverse,0.45013428268686984,0,1.0,0.022866616724334488,0.022866616724334488,0.0,0.0,0.42726766596253535,1.0,0.5405518394648829,5.369109930836498,0.01639531981693452,-0.1258361204013378
59,cem_disagreement_diverse,0.45013428268686984,0,0.0,0.0,0.012898438183133187,0.0,0.0,0.43723584450373665,1.0,0.8419732441471572,4.821505764435404,0.029349954123066464,0.43687290969899667
59,proxy_instability_diverse,0.45013428268686984,0,1.0,0.022042931829256707,0.022042931829256707,0.0,0.0,0.42809135085761313,1.0,0.6743311036789298,4.9473488611686225,0.03136514548468872,-0.00041806020066888216
59,random_final_population,0.45013428268686984,0,1.0,0.024158992554061953,0.024158992554061953,0.0,0.0,0.4259752901328079,1.0,0.5050167224080268,4.1949153048378545,0.02589210700422276,0.22366220735785952
60,action_diverse,1.537364756713039e-08,1,0.0,0.0,0.0,0.0,1.0,1.537364756713039e-08,1.0,0.4995819397993311,5.978719259776931,0.22746147179349402,-0.2746655518394649
60,cem_disagreement_diverse,1.537364756713039e-08,1,0.0,0.0,0.0,0.0,1.0,1.537364756713039e-08,1.0,0.7633779264214047,5.54722935206814,0.19106762337349123,0.4485785953177257
60,proxy_instability_diverse,1.537364756713039e-08,1,0.0,0.0,0.0,0.0,1.0,1.537364756713039e-08,1.0,0.532190635451505,5.786870308611283,0.2748306253170226,0.02926421404682275
60,random_final_population,1.537364756713039e-08,1,0.0,0.0,0.0,0.0,1.0,1.537364756713039e-08,1.0,0.4661371237458194,4.818752449575806,0.16760839767179758,0.14046822742474918
61,action_diverse,0.1491934400826545,0,0.0,0.0,1.5697524108904126e-06,0.0,0.0,0.14919187033024361,1.0,0.5982441471571907,5.2697509983808954,0.20663051459782852,-0.16889632107023408
61,cem_disagreement_diverse,0.1491934400826545,0,0.0,0.0,0.0,0.0,0.0,0.1491934400826545,1.0,0.7328595317725752,5.001532213390926,0.18956806171043625,0.4481605351170569
61,proxy_instability_diverse,0.1491934400826545,0,0.0,0.0,0.0,0.0,0.0,0.1491934400826545,1.0,0.25292642140468224,5.111086945811962,0.37953245059626695,-0.42015050167224083
61,random_final_population,0.1491934400826545,0,0.0,0.0,0.0,0.0,0.0,0.1491934400826545,1.0,0.6258361204013378,4.759180177853844,0.18994717602735461,-0.03804347826086958
62,action_diverse,0.10612057097373483,0,0.0,0.0,0.0,0.0,0.0,0.10612057097373483,1.0,0.5794314381270904,5.0522889789348095,0.13109267454904572,-0.2663043478260869
62,cem_disagreement_diverse,0.10612057097373483,0,0.0,0.0,0.0,0.0,0.0,0.10612057097373483,1.0,0.7755016722408026,4.534747481284713,0.1345953014941843,0.4661371237458194
62,proxy_instability_diverse,0.10612057097373483,0,0.0,0.0,0.0,0.0,0.0,0.10612057097373483,1.0,0.2600334448160535,4.709364637021972,0.3086949455299042,-0.5246655518394648
62,random_final_population,0.10612057097373483,0,0.0,0.0,0.0,0.0,0.0,0.10612057097373483,1.0,0.5104515050167224,3.833788589671266,0.1681235220993235,0.09657190635451506
63,action_diverse,2.1525945119714263e-08,1,0.0,0.0,0.0,0.0,1.0,2.1525945119714263e-08,1.0,0.6459030100334449,5.463393006491297,0.14760400451202374,0.01755852842809366
63,cem_disagreement_diverse,2.1525945119714263e-08,1,0.0,0.0,0.0,0.0,1.0,2.1525945119714263e-08,1.0,0.7918060200668896,5.062881423262619,0.13495930943703738,0.362876254180602
63,proxy_instability_diverse,2.1525945119714263e-08,1,0.0,0.0,0.0,0.0,1.0,2.1525945119714263e-08,1.0,0.3018394648829431,4.976160345441345,0.3069307363056456,-0.30685618729096986
63,random_final_population,2.1525945119714263e-08,1,0.0,0.0,0.0,0.0,1.0,2.1525945119714263e-08,1.0,0.3754180602006689,4.2072431567853625,0.18066572078573379,0.07190635451505016
64,action_diverse,0.02264821491360836,1,0.0,0.0,0.0,0.0,1.0,0.02438283959197519,1.0,0.7182274247491638,6.015973713826549,0.24045585116068777,-0.07566889632107021
64,cem_disagreement_diverse,0.02264821491360836,1,0.0,0.0,0.0,0.0,1.0,0.02505131005333573,1.0,0.8465719063545151,4.886740802031184,0.14248443990284054,0.5530936454849499
64,proxy_instability_diverse,0.02264821491360836,1,0.0,0.0,0.0,0.0,1.0,0.025059042799221665,1.0,0.24456521739130432,5.385904668429295,0.35862273520296817,-0.4824414715719063
64,random_final_population,0.02264821491360836,1,0.0,0.0,0.0,0.0,1.0,0.025387632133812132,1.0,0.5075250836120402,4.553902364166106,0.1277029074816566,-0.17182274247491638
65,action_diverse,0.02882303576050602,1,0.0,0.0,0.01427034995434791,0.0,1.0,0.01455268580615811,1.0,0.7646321070234114,5.446081187145369,0.16146577862135136,-0.08319397993311037
65,cem_disagreement_diverse,0.02882303576050602,1,0.0,0.0,0.011557105777156278,0.0,1.0,0.01726592998334974,1.0,0.7972408026755853,4.742539547049134,0.14072134423212335,0.35451505016722407
65,proxy_instability_diverse,0.02882303576050602,1,0.0,0.0,0.0074645936967314384,0.0,1.0,0.02135844206377458,1.0,0.38461538461538464,5.281509373811137,0.47898394926443266,-0.3453177257525084
65,random_final_population,0.02882303576050602,1,0.0,0.0,0.016536614258690144,0.0,1.0,0.012286421501815878,1.0,0.3712374581939799,4.506522836298503,0.25566506783755694,-0.14423076923076927
66,action_diverse,1.1846647526722601e-05,1,0.0,0.0,0.0,0.0,1.0,1.1846647526722601e-05,1.0,0.5501672240802675,5.459972325978307,0.22837477169094828,-0.26714046822742477
66,cem_disagreement_diverse,1.1846647526722601e-05,1,0.0,0.0,0.0,0.0,1.0,1.1846647526722601e-05,1.0,0.7959866220735785,4.792983189001161,0.1642078170984023,0.48494983277591974
66,proxy_instability_diverse,1.1846647526722601e-05,1,0.0,0.0,0.0,0.0,1.0,1.1846647526722601e-05,1.0,0.41555183946488294,5.14187876713639,0.3198118942847634,-0.2938963210702341
66,random_final_population,1.1846647526722601e-05,1,0.0,0.0,0.0,0.0,1.0,1.1846647526722601e-05,1.0,0.4122073578595318,5.1420213033024,0.22894368917094465,-0.31020066889632103
67,action_diverse,0.03421128931843371,1,0.0,0.0,0.0,0.0,1.0,0.03558412014035745,1.0,0.4870401337792642,6.143252963409896,0.33002665796358044,-0.2190635451505017
67,cem_disagreement_diverse,0.03421128931843371,1,0.0,0.0,0.007620152945178805,0.0,1.0,0.026591136373254904,1.0,0.8315217391304348,5.490059329147248,0.14728665958266351,0.443561872909699
67,proxy_instability_diverse,0.03421128931843371,1,0.0,0.0,0.006336714372173195,0.0,1.0,0.027874574946260514,1.0,0.1559364548494983,5.666192780556576,0.477306345954517,-0.23662207357859535
67,random_final_population,0.03421128931843371,1,0.0,0.0,0.00421015286997109,0.0,1.0,0.03000113644846262,1.0,0.4414715719063545,4.85737498171339,0.22497957972974758,-0.04724080267558529
68,action_diverse,0.0,1,0.0,0.0,0.0,0.0,1.0,0.0,1.0,0.7692307692307692,6.08996618237821,0.154793531654849,0.10242474916387964
68,cem_disagreement_diverse,0.0,1,0.0,0.0,0.0,0.0,1.0,0.0,1.0,0.9155518394648829,5.534238282552696,0.1393143268563379,0.44105351170568563
68,proxy_instability_diverse,0.0,1,0.0,0.0,0.0,0.0,1.0,0.0,1.0,0.2959866220735786,5.1837564379669265,0.3784936059912898,-0.3035117056856187
68,random_final_population,0.0,1,0.0,0.0,0.0,0.0,1.0,0.0,1.0,0.3557692307692307,4.594278552860646,0.22633799741565308,-0.1488294314381271
69,action_diverse,0.03985741641689146,1,1.0,0.023942078478944015,0.023942078478944015,0.0,1.0,0.015915337937947444,1.0,0.5685618729096991,6.17922308463438,0.20128497059054232,-0.20359531772575257
69,cem_disagreement_diverse,0.03985741641689146,1,1.0,0.02173827124940947,0.02173827124940947,0.0,1.0,0.01811914516748199,1.0,0.7566889632107023,5.0464398301309075,0.2170495696016783,0.5146321070234113
69,proxy_instability_diverse,0.03985741641689146,1,1.0,0.02999414991818023,0.02999414991818023,0.0,1.0,0.009863266498711226,1.0,0.4506688963210702,5.198438501546386,0.2807936021045214,-0.21655518394648832
69,random_final_population,0.03985741641689146,1,1.0,0.02302250077428416,0.02302250077428416,0.0,1.0,0.0168349156426073,0.875,0.5990802675585284,4.381560481564243,0.18342403661757528,-0.0008361204013378198
70,action_diverse,0.016830566129404465,1,0.0,0.0,0.013141668562055862,0.0,1.0,0.0036888975673486017,1.0,0.4377090301003345,5.871770239963027,0.25720239995423955,-0.36036789297658867
70,cem_disagreement_diverse,0.016830566129404465,1,0.0,0.0,0.009676726665943935,0.0,1.0,0.007153839463460528,1.0,0.7813545150501673,5.0465105242540425,0.18658628373015929,0.3532608695652174
70,proxy_instability_diverse,0.016830566129404465,1,0.0,0.0,0.006258524538798176,0.0,1.0,0.010572041590606289,1.0,0.3536789297658863,5.440724306715284,0.3893831086619295,-0.32734113712374585
70,random_final_population,0.016830566129404465,1,0.0,0.0,0.008003976075767229,0.0,1.0,0.008826590053637236,1.0,0.6295986622073579,4.798655834582799,0.26270213470021686,0.20066889632107024
71,action_diverse,0.03889102852320796,1,0.0,0.0,0.004993259092990088,0.0,1.0,0.03389776943021787,1.0,0.5505852842809364,4.658191364247004,0.14064514099884706,-0.25125418060200666
71,cem_disagreement_diverse,0.03889102852320796,1,0.0,0.0,0.018873986171769903,0.0,1.0,0.020017042351438055,1.0,0.7989130434782609,4.118656420873608,0.15145185335784184,0.4084448160535117
71,proxy_instability_diverse,0.03889102852320796,1,0.0,0.0,0.006386523956855336,0.0,1.0,0.03250450456635262,1.0,0.39088628762541805,4.301721253720591,0.24359884495109796,-0.2633779264214047
71,random_final_population,0.03889102852320796,1,0.0,0.0,0.011768035604080816,0.0,1.0,0.02712299291912714,1.0,0.42182274247491636,3.822734748825416,0.1975470435585221,0.06981605351170568
72,action_diverse,0.1428608024346495,0,1.0,0.10821650560008098,0.10821650560008098,1.0,1.0,0.03464429683456851,1.0,0.6488294314381271,4.930791694955248,0.2164278130232424,-0.16220735785953175
72,cem_disagreement_diverse,0.1428608024346495,0,1.0,0.11707504141112106,0.11707504141112106,1.0,1.0,0.025785761023528437,1.0,0.8699832775919732,4.390165905286263,0.14674167939912358,0.3691471571906355
72,proxy_instability_diverse,0.1428608024346495,0,1.0,0.10750981992792852,0.10750981992792852,1.0,1.0,0.03535098250672097,1.0,0.4130434782608695,4.640456087103097,0.3877784005090158,-0.30894648829431437
72,random_final_population,0.1428608024346495,0,1.0,0.10481524355463501,0.10481524355463501,1.0,1.0,0.03804555888001448,1.0,0.5330267558528428,3.6676893330524645,0.197108739294661,0.01588628762541805
73,action_diverse,1.1846647526726078e-05,1,0.0,0.0,0.0,0.0,1.0,1.1846647526726078e-05,1.0,0.572742474916388,6.264937853928325,0.14786480530163687,-0.17683946488294316
73,cem_disagreement_diverse,1.1846647526726078e-05,1,0.0,0.0,0.0,0.0,1.0,1.1846647526726078e-05,1.0,0.899665551839465,5.562499844620988,0.16450398472691602,0.42558528428093645
73,proxy_instability_diverse,1.1846647526726078e-05,1,0.0,0.0,0.0,0.0,1.0,1.1846647526726078e-05,1.0,0.387123745819398,5.6939449106597015,0.23697820893311194,-0.13210702341137126
73,random_final_population,1.1846647526726078e-05,1,0.0,0.0,0.0,0.0,1.0,1.1846647526726078e-05,1.0,0.31061872909698995,4.930017233250659,0.16580864473710522,-0.25752508361204013
74,action_diverse,4.961309141293668e-16,1,0.0,0.0,0.0,0.0,1.0,4.961309141293668e-16,1.0,0.7738294314381271,5.28910783817964,0.21522485411754427,-0.05267558528428092
74,cem_disagreement_diverse,4.961309141293668e-16,1,0.0,0.0,0.0,0.0,1.0,4.961309141293668e-16,1.0,0.7320234113712375,4.637359398916881,0.23776818472095904,0.4109531772575251
74,proxy_instability_diverse,4.961309141293668e-16,1,0.0,0.0,0.0,0.0,1.0,4.961309141293668e-16,1.0,0.4640468227424749,5.056139700944388,0.3477542266593673,-0.16764214046822742
74,random_final_population,4.961309141293668e-16,1,0.0,0.0,0.0,0.0,1.0,4.961309141293668e-16,1.0,0.49540133779264217,4.209365917555351,0.2219514366848608,0.1362876254180602
75,action_diverse,0.0,1,0.0,0.0,0.0,0.0,1.0,0.0,1.0,0.3248327759197325,4.546498479260169,0.1424654868552668,-0.3904682274247492
75,cem_disagreement_diverse,0.0,1,0.0,0.0,0.0,0.0,1.0,0.0,1.0,0.7290969899665551,3.8729070684015716,0.19204323557344996,0.3607859531772576
75,proxy_instability_diverse,0.0,1,0.0,0.0,0.0,0.0,1.0,0.0,1.0,0.5614548494983278,4.145003156894919,0.22564984697177262,-0.1484113712374582
75,random_final_population,0.0,1,0.0,0.0,0.0,0.0,1.0,0.0,1.0,0.6124581939799331,3.5826815892745505,0.14194644088068906,0.3051839464882943
76,action_diverse,0.09679703724223006,0,0.0,0.0,0.0,0.0,0.0,0.09688048743164356,1.0,0.4331103678929765,5.402776364494281,0.23647329598672354,-0.2629598662207358
76,cem_disagreement_diverse,0.09679703724223006,0,0.0,0.0,0.0,0.0,0.0,0.09694329952811179,1.0,0.8846153846153846,4.666352286180431,0.15880810970215964,0.42767558528428096
76,proxy_instability_diverse,0.09679703724223006,0,0.0,0.0,0.0,0.0,0.0,0.09695462554851848,1.0,0.18854515050167225,5.017070681609818,0.399599313615605,-0.4360367892976589
76,random_final_population,0.09679703724223006,0,0.0,0.0,0.00215501959431183,0.0,0.0,0.09464201764791823,1.0,0.5840301003344481,3.8862598007532454,0.16735828387344504,0.16889632107023414
77,action_diverse,0.14412931667972695,0,0.0,0.0,1.0078623280201926e-05,0.0,0.0,0.14411923805644675,1.0,0.5179765886287626,4.973708582174913,0.15842837660294512,-0.08152173913043478
77,cem_disagreement_diverse,0.14412931667972695,0,0.0,0.0,1.0078623280201926e-05,0.0,0.0,0.14411923805644675,1.0,0.7755016722408027,4.7591013733069625,0.19906634209592497,0.3766722408026756
77,proxy_instability_diverse,0.14412931667972695,0,0.0,0.0,1.0322440532617438e-05,0.0,0.0,0.14411899423919433,1.0,0.33821070234113715,4.643204019430288,0.28624835301025886,-0.16262541806020067
77,random_final_population,0.14412931667972695,0,0.0,0.0,1.0078623280201926e-05,0.0,0.0,0.14411923805644675,1.0,0.5857023411371237,4.372343500036302,0.16264568575471436,0.08403010033444819
78,action_diverse,0.007353982057345341,1,0.0,0.0,0.0,0.0,1.0,0.007353982057345341,1.0,0.6810200668896321,5.516165417222999,0.17025349355293767,0.05351170568561872
78,cem_disagreement_diverse,0.007353982057345341,1,0.0,0.0,0.0,0.0,1.0,0.007353982057345341,1.0,0.7796822742474916,5.167900885838804,0.14588753487799555,0.5012541806020067
78,proxy_instability_diverse,0.007353982057345341,1,0.0,0.0,0.0,0.0,1.0,0.007353982057345341,1.0,0.4289297658862876,5.477926277237815,0.25417069205009535,-0.282190635451505
78,random_final_population,0.007353982057345341,1,0.0,0.0,0.0,0.0,1.0,0.007353982057345341,1.0,0.3616220735785953,4.428072166383378,0.21514206888264714,-0.0668896321070234
79,action_diverse,0.2106849989529136,0,0.0,0.0,0.0,0.0,0.0,0.2106849989529136,1.0,0.6086956521739131,5.998787003997803,0.19555139568934962,-0.07357859531772573
79,cem_disagreement_diverse,0.2106849989529136,0,0.0,0.0,0.0,0.0,0.0,0.2106849989529136,1.0,0.870819397993311,5.552140611675288,0.1716303680196092,0.46153846153846156
79,proxy_instability_diverse,0.2106849989529136,0,0.0,0.0,0.0,0.0,0.0,0.2106849989529136,1.0,0.14464882943143811,5.9185759134468,0.34447057913099877,-0.4251672240802675
79,random_final_population,0.2106849989529136,0,0.0,0.0,8.428837829477231e-05,0.0,0.0,0.21060071057461882,1.0,0.5422240802675585,4.910088730260371,0.1921547585063891,-0.017140468227424738
80,action_diverse,0.05365815588486888,0,0.0,0.0,0.001510730639047199,0.0,0.0,0.05214742524582168,1.0,0.47784280936454854,5.867543974751799,0.17506093016210672,-0.33612040133779264
80,cem_disagreement_diverse,0.05365815588486888,0,0.0,0.0,0.0018528954074016543,0.0,0.0,0.051805260477467224,1.0,0.7980769230769231,4.785423372558924,0.13875951495746536,0.4226588628762542
80,proxy_instability_diverse,0.05365815588486888,0,0.0,0.0,0.0015018113068825598,0.0,0.0,0.05215634457798632,1.0,0.46446488294314386,5.467560234633528,0.25682548455241416,-0.3001672240802675
80,random_final_population,0.05365815588486888,0,0.0,0.0,0.00257715579841699,0.0,0.0,0.05108100008645189,1.0,0.4142976588628763,3.981768561638304,0.15012971656500707,-0.05560200668896321
81,action_diverse,0.28723329979102546,0,1.0,0.12493504099983985,0.12493504099983985,0.0,0.0,0.16229825879118562,1.0,0.5585284280936456,5.7840604667241085,0.004572004634704129,-0.17851170568561875
81,cem_disagreement_diverse,0.28723329979102546,0,1.0,0.13534432229028248,0.13534432229028248,0.0,0.0,0.15188897750074298,1.0,0.7161371237458194,4.745453138502239,0.004410305076241687,0.3737458193979933
81,proxy_instability_diverse,0.28723329979102546,0,1.0,0.15112962905490432,0.15112962905490432,0.0,0.0,0.13610367073612115,1.0,0.629180602006689,5.239855319652129,0.009296418426705153,-0.10702341137123746
81,random_final_population,0.28723329979102546,0,1.0,0.12298463562421053,0.12298463562421053,0.0,0.0,0.16424866416681494,1.0,0.5990802675585284,4.622717743367568,0.0034588492814975487,-0.104933110367893
82,action_diverse,0.1211495630160831,0,0.0,0.0,0.0022570508723357696,0.0,0.0,0.11889251214374733,1.0,0.5263377926421404,5.406261828010217,0.31146741439540554,-0.10911371237458192
82,cem_disagreement_diverse,0.1211495630160831,0,1.0,0.0995892841767844,0.0995892841767844,1.0,1.0,0.021560278839298685,1.0,0.8051839464882944,4.945887533569868,0.17069778208289044,0.37290969899665555
82,proxy_instability_diverse,0.1211495630160831,0,0.0,0.0,0.0003504052554374193,0.0,0.0,0.12079915776064568,1.0,0.36831103678929766,5.11739459213436,0.4753726394673208,-0.15802675585284282
82,random_final_population,0.1211495630160831,0,0.0,0.0,5.452500385509651e-05,0.0,0.0,0.121095038012228,1.0,0.4581939799331104,4.358488541795216,0.238646616713538,-0.0054347826086956486
83,action_diverse,0.03836787542329025,1,1.0,0.021032043755634604,0.021032043755634604,0.0,1.0,0.01733583166765565,1.0,0.4602842809364548,5.562905253034275,0.35844121947821406,-0.3102006688963211
83,cem_disagreement_diverse,0.03836787542329025,1,0.0,0.0,0.005008229968327879,0.0,1.0,0.033359645454962374,1.0,0.8917224080267558,5.0289962485944315,0.17530752352171164,0.5112876254180603
83,proxy_instability_diverse,0.03836787542329025,1,0.0,0.0,0.01122653497134797,0.0,1.0,0.027141340451942282,1.0,0.2261705685618729,5.37035510453603,0.5724270359200156,-0.4084448160535117
83,random_final_population,0.03836787542329025,1,0.0,0.0,0.010098272282196119,0.0,1.0,0.028269603141094134,1.0,0.40259197324414714,4.277676299329024,0.3237158986653479,-0.10576923076923075
84,action_diverse,0.031173289259006136,1,0.0,0.0,0.003563355056364629,0.0,1.0,0.027609934202641507,1.0,0.5179765886287626,6.317255772499699,0.14190730536880167,-0.1810200668896321
84,cem_disagreement_diverse,0.031173289259006136,1,0.0,0.0,0.0044813607777528935,0.0,1.0,0.026691928481253242,1.0,0.665133779264214,5.26970549969794,0.15168890958993206,0.3745819397993311
84,proxy_instability_diverse,0.031173289259006136,1,0.0,0.0,0.003571680479246414,0.0,1.0,0.027601608779759722,1.0,0.3649665551839465,6.089669082206282,0.2656736732986823,-0.09949832775919731
84,random_final_population,0.031173289259006136,1,0.0,0.0,0.0,0.0,1.0,0.031239884253304283,1.0,0.3712374581939799,4.981419606719639,0.1496045095607482,-0.2554347826086957
85,action_diverse,4.608377305024307e-14,1,0.0,0.0,0.0,0.0,1.0,4.608377305024307e-14,1.0,0.4251672240802675,5.728150600870395,0.24212438773763856,-0.2930602006688963
85,cem_disagreement_diverse,4.608377305024307e-14,1,0.0,0.0,0.0,0.0,1.0,4.608377305024307e-14,1.0,0.7148829431438126,4.804769180975186,0.25559665168843015,0.36747491638795987
85,proxy_instability_diverse,4.608377305024307e-14,1,0.0,0.0,0.0,0.0,1.0,4.608377305024307e-14,1.0,0.4188963210702341,5.119178592946576,0.35928311350823683,-0.25668896321070234
85,random_final_population,4.608377305024307e-14,1,0.0,0.0,0.0,0.0,1.0,4.608377305024307e-14,1.0,0.29765886287625415,4.170085900824327,0.21908445361723022,-0.09991638795986622
86,action_diverse,2.998679609578549e-14,1,0.0,0.0,0.0,0.0,1.0,2.998679609578549e-14,1.0,0.6350334448160535,4.510791362700484,0.1754325427542567,-0.03637123745819398
86,cem_disagreement_diverse,2.998679609578549e-14,1,0.0,0.0,0.0,0.0,1.0,2.998679609578549e-14,1.0,0.8122909698996656,4.289000205644127,0.17913468544628275,0.39381270903010035
86,proxy_instability_diverse,2.998679609578549e-14,1,0.0,0.0,0.0,0.0,1.0,2.998679609578549e-14,1.0,0.2959866220735786,4.297838941013406,0.3320899818485499,-0.2842809364548495
86,random_final_population,2.998679609578549e-14,1,0.0,0.0,0.0,0.0,1.0,2.998679609578549e-14,1.0,0.44816053511705684,3.908222335018947,0.2535847726884137,-0.2713210702341137
87,action_diverse,0.03689917845503649,1,0.0,0.0,0.004865100500114419,0.0,1.0,0.03203407795492207,1.0,0.4280936454849498,7.1601737231700575,0.15828255005530023,-0.07357859531772575
87,cem_disagreement_diverse,0.03689917845503649,1,0.0,0.0,0.00782903632963973,0.0,1.0,0.029070142125396763,1.0,0.8210702341137124,6.292599260030899,0.11216341302437567,0.3963210702341137
87,proxy_instability_diverse,0.03689917845503649,1,0.0,0.0,0.0031002411342614666,0.0,1.0,0.033798937320775026,1.0,0.3131270903010034,6.447553146569206,0.3459783073419908,-0.39088628762541805
87,random_final_population,0.03689917845503649,1,0.0,0.0,0.003528901943421661,0.0,1.0,0.03337027651161483,1.0,0.49665551839464883,5.075037880960259,0.1594253089047889,-0.08152173913043478
88,action_diverse,0.0,1,0.0,0.0,0.0,0.0,1.0,0.0,1.0,0.592391304347826,5.079905332297672,0.10883549041434494,-0.2186454849498328
88,cem_disagreement_diverse,0.0,1,0.0,0.0,0.0,0.0,1.0,0.0,1.0,0.7462374581939799,4.5424933554638525,0.13160447529956454,0.33444816053511706
88,proxy_instability_diverse,0.0,1,0.0,0.0,0.0,0.0,1.0,0.0,1.0,0.7040133779264215,4.4690101548007375,0.23720345540251708,0.10911371237458195
88,random_final_population,0.0,1,0.0,0.0,0.0,0.0,1.0,0.0,1.0,0.459866220735786,4.26166196774573,0.1425323100046899,0.10827759197324414
89,action_diverse,0.010317353847571254,1,0.0,0.0,0.004714122638823093,0.0,1.0,0.005603231208748161,1.0,0.5301003344481605,5.091252365792854,0.09137648783792862,-0.2976588628762542
89,cem_disagreement_diverse,0.010317353847571254,1,0.0,0.0,0.004401456636956451,0.0,1.0,0.005915897210614803,1.0,0.899247491638796,4.479032370227928,0.10856072503265445,0.540551839464883
89,proxy_instability_diverse,0.010317353847571254,1,0.0,0.0,0.004285240356292141,0.0,1.0,0.006032113491279113,1.0,0.5464046822742474,4.725425866743973,0.18871030540587214,-0.06563545150501673
89,random_final_population,0.010317353847571254,1,0.0,0.0,0.00028190377692649884,0.0,1.0,0.010035450070644755,1.0,0.4744983277591973,4.556577920484594,0.1391247230748795,-0.37165551839464883
90,action_diverse,0.02810465259705913,1,0.0,0.0,0.010558539354243984,0.0,1.0,0.017546113242815145,1.0,0.4820234113712374,5.531377097623446,0.23034128288786548,-0.16680602006688963
90,cem_disagreement_diverse,0.02810465259705913,1,0.0,0.0,0.007145659634637824,0.0,1.0,0.020958992962421305,1.0,0.8490802675585284,4.992484246612564,0.17601534217941117,0.4013377926421405
90,proxy_instability_diverse,0.02810465259705913,1,0.0,0.0,0.010558539354243984,0.0,1.0,0.017546113242815145,1.0,0.3532608695652174,4.661246059713885,0.4068449251505196,-0.2362040133779264
90,random_final_population,0.02810465259705913,1,0.0,0.0,0.005811244334907182,0.0,1.0,0.022293408262151947,1.0,0.6362876254180602,4.205940281041675,0.2085365376347415,0.16513377926421408
91,action_diverse,0.1408542713208002,0,0.0,0.0,1.4610731851050218e-06,0.0,0.0,0.1408528102476151,1.0,0.39590301003344486,6.137577859226113,0.2729718423282884,-0.3168896321070234
91,cem_disagreement_diverse,0.1408542713208002,0,0.0,0.0,0.0,0.0,0.0,0.1408542713208002,1.0,0.8444816053511706,5.460677825481618,0.1865324630609462,0.44774247491638797
91,proxy_instability_diverse,0.1408542713208002,0,0.0,0.0,0.0,0.0,0.0,0.1408542713208002,1.0,0.36371237458193983,5.88142255795072,0.3635334502795857,-0.0794314381270903
91,random_final_population,0.1408542713208002,0,0.0,0.0,0.0,0.0,0.0,0.1408542713208002,1.0,0.4209866220735786,4.919674421779344,0.24094276979563645,-0.042642140468227424
92,action_diverse,1.677315005008519e-11,1,0.0,0.0,0.0,0.0,1.0,1.677315005008519e-11,1.0,0.6124581939799332,4.713113844075913,0.1929410109170081,-0.24916387959866224
92,cem_disagreement_diverse,1.677315005008519e-11,1,0.0,0.0,0.0,0.0,1.0,1.677315005008519e-11,1.0,0.810200668896321,4.028299528257769,0.13838415694027179,0.3632943143812709
92,proxy_instability_diverse,1.677315005008519e-11,1,0.0,0.0,0.0,0.0,1.0,1.677315005008519e-11,1.0,0.5045986622073578,4.407205751294722,0.2864769915761666,-0.32232441471571915
92,random_final_population,1.677315005008519e-11,1,0.0,0.0,0.0,0.0,1.0,1.677315005008519e-11,1.0,0.3850334448160535,3.73675652268509,0.18972627243981632,-0.10618729096989968
93,action_diverse,0.2628309147722455,0,1.0,0.03372864933931996,0.03372864933931996,0.0,0.0,0.22910226543292556,1.0,0.6939799331103679,6.341790539839447,0.01286403656157151,-0.09197324414715718
93,cem_disagreement_diverse,0.2628309147722455,0,1.0,0.020260564840378248,0.020260564840378248,0.0,0.0,0.24257034993186727,1.0,0.907190635451505,5.407357828611663,0.01631077067622454,0.4623745819397994
93,proxy_instability_diverse,0.2628309147722455,0,1.0,0.020260564840378248,0.020260564840378248,0.0,0.0,0.24257034993186727,1.0,0.8720735785953178,6.148420718319574,0.020246855494529457,0.02173913043478263
93,random_final_population,0.2628309147722455,0,1.0,0.020260564840378248,0.020260564840378248,0.0,0.0,0.24257034993186727,1.0,0.5183946488294314,5.177498721506431,0.008492496908466521,-0.03929765886287624
94,action_diverse,0.16468256489398175,0,1.0,0.14327556363486538,0.14327556363486538,1.0,1.0,0.021407001259116376,1.0,0.44021739130434784,6.2377179080233205,0.23028485722692404,-0.3298494983277592
94,cem_disagreement_diverse,0.16468256489398175,0,1.0,0.13650593057992572,0.13650593057992572,1.0,1.0,0.028176634314056037,1.0,0.8448996655518395,5.263891212126276,0.16717913547059696,0.41178929765886285
94,proxy_instability_diverse,0.16468256489398175,0,1.0,0.14327556363486538,0.14327556363486538,1.0,1.0,0.021407001259116376,1.0,0.16178929765886288,6.045090356341388,0.3777889310108655,-0.5163043478260869
94,random_final_population,0.16468256489398175,0,0.0,0.0,1.2073168205228857e-05,0.0,0.0,0.16467049172577652,1.0,0.46195652173913043,4.891460851075995,0.16883684807308036,0.0058528428093645585
95,action_diverse,0.036838844351684115,1,1.0,0.02419836322742657,0.02419836322742657,0.0,1.0,0.012640481124257542,1.0,0.6396321070234113,7.476858573539828,0.17662109475404994,-0.10576923076923075
95,cem_disagreement_diverse,0.036838844351684115,1,1.0,0.020821874200395125,0.020821874200395125,0.0,1.0,0.01601697015128899,1.0,0.7775919732441472,6.138687193866977,0.1753814182659321,0.40091973244147155
95,proxy_instability_diverse,0.036838844351684115,1,0.0,0.0,0.013534140422274452,0.0,1.0,0.023304703929409663,1.0,0.24289297658862877,6.581249915108282,0.3385928243472984,-0.31229096989966554
95,random_final_population,0.036838844351684115,1,0.0,0.0,0.006860853112577406,0.0,1.0,0.02997799123910671,1.0,0.5472408026755853,6.07361365941779,0.20486714028825115,0.06020066889632107
96,action_diverse,0.012119458179688462,1,0.0,0.0,0.0037131630057185058,0.0,1.0,0.008406295173969956,1.0,0.5,4.5795409986022815,0.07527882813513255,-0.30643812709030105
96,cem_disagreement_diverse,0.012119458179688462,1,0.0,0.0,0.003147550553784774,0.0,1.0,0.008971907625903688,1.0,0.8093645484949833,4.011730269524242,0.0812241643121122,0.4473244147157191
96,proxy_instability_diverse,0.012119458179688462,1,0.0,0.0,0.0030246939824206884,0.0,1.0,0.009094764197267773,1.0,0.6045150501672241,4.481187814511017,0.14152596134309547,-0.13085284280936454
96,random_final_population,0.012119458179688462,1,0.0,0.0,0.0012399761357025814,0.0,1.0,0.01087948204398588,1.0,0.4222408026755853,3.9941719056181357,0.07810747886391597,-0.002090301003344501
97,action_diverse,0.05436737709584881,0,0.0,0.0,0.0005260595955616301,0.0,0.0,0.05384131750028718,1.0,0.7474916387959867,5.559324717581899,0.1678678339580435,0.020903010033444816
97,cem_disagreement_diverse,0.05436737709584881,0,0.0,0.0,0.0,0.0,0.0,0.05448867339997866,1.0,0.8733277591973243,5.520298925207781,0.12786984250453617,0.43143812709030105
97,proxy_instability_diverse,0.05436737709584881,0,0.0,0.0,0.00018537897763486189,0.0,0.0,0.05418199811821395,1.0,0.18770903010033446,5.405969973962469,0.44008443844444345,-0.5117056856187292
97,random_final_population,0.05436737709584881,0,0.0,0.0,0.0069018389555588824,0.0,0.0,0.04746553814028993,1.0,0.6350334448160535,4.846037835179068,0.22914623031087017,0.06103678929765882
98,action_diverse,0.006023907352822493,1,0.0,0.0,0.0007630463217282168,0.0,1.0,0.005260861031094276,1.0,0.8281772575250836,5.624899434116857,0.09468681662214166,0.0673076923076923
98,cem_disagreement_diverse,0.006023907352822493,1,0.0,0.0,0.0005039771647589548,0.0,1.0,0.005519930188063538,1.0,0.8072742474916388,5.379652051593336,0.08653077462293884,0.4025919732441472
98,proxy_instability_diverse,0.006023907352822493,1,0.0,0.0,0.0007762804187136096,0.0,1.0,0.005247626934108883,1.0,0.6283444816053512,5.228454893704008,0.14596654664426567,-0.1061872909698997
98,random_final_population,0.006023907352822493,1,0.0,0.0,0.0018809521777641228,0.0,1.0,0.00414295517505837,1.0,0.47198996655518394,4.246991983492187,0.07355870806494014,0.06730769230769232
99,action_diverse,0.031477341880095044,1,0.0,0.0,0.00555375054349018,0.0,1.0,0.025923591336604865,1.0,0.3737458193979933,6.128269103724072,0.14523128754265685,-0.36622073578595316
99,cem_disagreement_diverse,0.031477341880095044,1,0.0,0.0,0.0061399755232109735,0.0,1.0,0.02533736635688407,1.0,0.8265050167224081,5.418967562941437,0.13585557072622909,0.4627926421404682
99,proxy_instability_diverse,0.031477341880095044,1,0.0,0.0,0.01862822728413102,0.0,1.0,0.012849114595964021,1.0,0.16387959866220736,5.968444433558183,0.3616800643139919,-0.5560200668896321
99,random_final_population,0.031477341880095044,1,0.0,0.0,0.007573702473477693,0.0,1.0,0.02390363940661735,1.0,0.5154682274247492,5.201527844349263,0.23756651778599291,-0.12792642140468224
100,action_diverse,0.027665842226205915,1,0.0,0.0,0.01294332754005262,0.0,1.0,0.014722514686153295,1.0,0.5635451505016723,5.292217094562354,0.20706033255558337,-0.1346153846153846
100,cem_disagreement_diverse,0.027665842226205915,1,0.0,0.0,0.010461735970098609,0.0,1.0,0.017204106256107306,1.0,0.7993311036789298,4.850224059544374,0.13066973424774148,0.455685618729097
100,proxy_instability_diverse,0.027665842226205915,1,0.0,0.0,0.011566660957814362,0.0,1.0,0.016099181268391553,1.0,0.25334448160535117,4.985348313249478,0.39060781107076414,-0.20484949832775923
100,random_final_population,0.027665842226205915,1,0.0,0.0,0.009154912803789654,0.0,1.0,0.01851092942241626,1.0,0.6379598662207357,4.550251403975778,0.20142693087822722,0.09866220735785954
101,action_diverse,0.006736484817282248,1,0.0,0.0,0.0007225746805407211,0.0,1.0,0.006013910136741527,1.0,0.5953177257525084,6.409650376719299,0.1538269842718279,0.03678929765886287
101,cem_disagreement_diverse,0.006736484817282248,1,0.0,0.0,0.0012188986526416807,0.0,1.0,0.005517586164640567,1.0,0.7717391304347826,5.638893464532828,0.1740787314342847,0.391304347826087
101,proxy_instability_diverse,0.006736484817282248,1,0.0,0.0,0.0028426219410563167,0.0,1.0,0.0038938628762259313,1.0,0.49331103678929766,6.168799408721222,0.22221523135880417,-0.32232441471571904
101,random_final_population,0.006736484817282248,1,0.0,0.0,0.0034379133699769288,0.0,1.0,0.0032985714473053192,1.0,0.42851170568561875,4.901481536974184,0.12015581457972219,-0.0689799331103679
102,action_diverse,0.2657552823033732,0,1.0,0.23631380547091094,0.23631380547091094,1.0,1.0,0.029441476832462267,1.0,0.4607023411371237,6.158344473734823,0.18680533014265222,-0.38837792642140473
102,cem_disagreement_diverse,0.2657552823033732,0,1.0,0.23534467563609016,0.23534467563609016,1.0,1.0,0.030410606667283034,1.0,0.7688127090301003,5.247183220862116,0.2049831023303067,0.5288461538461539
102,proxy_instability_diverse,0.2657552823033732,0,1.0,0.2335619122958641,0.2335619122958641,1.0,1.0,0.03219337000750912,1.0,0.3971571906354515,5.809604474088607,0.3880611007138631,-0.36078595317725753
102,random_final_population,0.2657552823033732,0,1.0,0.24066319605086936,0.24066319605086936,1.0,1.0,0.025092086252503837,1.0,0.721571906354515,4.942243376457077,0.20154624392122927,0.3110367892976589
103,action_diverse,0.11710666003524839,0,0.0,0.0,1.3862730974992243e-05,0.0,0.0,0.1170927973042734,1.0,0.6701505016722408,5.110362755755281,0.16303436776162727,0.20652173913043478
103,cem_disagreement_diverse,0.11710666003524839,0,0.0,0.0,1.956121593663096e-05,0.0,0.0,0.11708709881931176,1.0,0.8122909698996655,4.829837214493216,0.15666390706242692,0.39464882943143814
103,proxy_instability_diverse,0.11710666003524839,0,0.0,0.0,0.0,0.0,0.0,0.11710666003524839,1.0,0.3557692307692308,5.106768708462125,0.3879898429738672,-0.34197324414715724
103,random_final_population,0.11710666003524839,0,0.0,0.0,0.0,0.0,0.0,0.11710666003524839,1.0,0.33403010033444813,4.336071547003426,0.33561830742101045,-0.17642140468227424
104,action_diverse,0.059483922995028006,0,0.0,0.0,0.000578225591334039,0.0,0.0,0.05890569740369397,1.0,0.4995819397993311,4.471195494130249,0.16390446404495412,-0.24331103678929766
104,cem_disagreement_diverse,0.059483922995028006,0,0.0,0.0,0.0,0.0,0.0,0.0595908630975335,1.0,0.8014214046822743,4.014063967923555,0.11491486328052061,0.38210702341137126
104,proxy_instability_diverse,0.059483922995028006,0,0.0,0.0,0.0,0.0,0.0,0.05959263794852447,1.0,0.39005016722408026,4.060268994374507,0.2789775599471614,-0.24498327759197325
104,random_final_population,0.059483922995028006,0,0.0,0.0,0.0,0.0,0.0,0.05962618094156759,1.0,0.5100334448160535,3.4777997041084117,0.19369743516395127,0.11204013377926422
105,action_diverse,0.2997388328123957,0,0.0,0.0,0.004807747381054828,0.0,0.0,0.2949310854313409,1.0,0.7249163879598661,5.987508780711877,0.17758375126266135,-0.09824414715719065
105,cem_disagreement_diverse,0.2997388328123957,0,0.0,0.0,0.0034319659068688946,0.0,0.0,0.2963068669055268,1.0,0.8051839464882943,5.345949144795737,0.21021867988266268,0.342809364548495
105,proxy_instability_diverse,0.2997388328123957,0,1.0,0.2709999064161506,0.2709999064161506,1.0,1.0,0.028738926396245073,1.0,0.41596989966555187,5.459890470524278,0.34351090686081065,-0.1333612040133779
105,random_final_population,0.2997388328123957,0,1.0,0.24329696393072192,0.24329696393072192,0.0,0.0,0.05644186888167381,1.0,0.5100334448160535,4.6414403555868216,0.2449751739625961,0.10451505016722407
106,action_diverse,0.013437515873388081,1,0.0,0.0,0.0,0.0,1.0,0.01482192428377922,1.0,0.3704013377926421,7.064709750907675,0.14465446934243004,-0.23411371237458195
106,cem_disagreement_diverse,0.013437515873388081,1,0.0,0.0,0.0,0.0,1.0,0.021467811036071507,1.0,0.81814381270903,6.3852683305006295,0.13697913891107294,0.5012541806020067
106,proxy_instability_diverse,0.013437515873388081,1,0.0,0.0,0.0004305401069345915,0.0,1.0,0.01300697576645349,1.0,0.4535953177257525,6.755595594901502,0.25668895088732996,-0.1697324414715719
106,random_final_population,0.013437515873388081,1,0.0,0.0,0.006058891151389482,0.0,1.0,0.007378624721998599,1.0,0.29933110367892973,5.267680969737743,0.14883917782854006,-0.048913043478260865
107,action_diverse,0.0,1,0.0,0.0,0.0,0.0,1.0,0.0,1.0,0.5004180602006689,4.1074265450361045,0.18147586732805152,-0.25334448160535117
107,cem_disagreement_diverse,0.0,1,0.0,0.0,0.0,0.0,1.0,0.0,1.0,0.7683946488294315,3.682357513627272,0.12355875255803377,0.3779264214046823
107,proxy_instability_diverse,0.0,1,0.0,0.0,0.0,0.0,1.0,0.0,1.0,0.4423076923076923,3.9104574689000207,0.28032681582274743,-0.3770903010033445
107,random_final_population,0.0,1,0.0,0.0,0.0,0.0,1.0,0.0,1.0,0.669314381270903,3.470111488446758,0.11574338550748463,0.15008361204013376
108,action_diverse,0.03837202677917167,1,0.0,0.0,0.015226125438660764,0.0,1.0,0.023145901340510904,1.0,0.35535117056856186,6.128528720081417,0.08291876457558342,-0.20819397993311037
108,cem_disagreement_diverse,0.03837202677917167,1,0.0,0.0,0.017029154353934668,0.0,1.0,0.021342872425237,1.0,0.8327759197324416,5.2887584830418035,0.12993893802902834,0.40217391304347827
108,proxy_instability_diverse,0.03837202677917167,1,0.0,0.0,0.016602347767317237,0.0,1.0,0.02176967901185443,1.0,0.7186454849498328,5.5504616491413845,0.22352913085498136,0.06145484949832776
108,random_final_population,0.03837202677917167,1,0.0,0.0,0.014076913680388013,0.0,1.0,0.024295113098783655,1.0,0.6032608695652174,4.7198470458536015,0.12304865390932174,0.020484949832775934
109,action_diverse,0.29416101556488,0,1.0,0.25522712825637284,0.25522712825637284,1.0,1.0,0.03893388730850719,1.0,0.7148829431438127,6.244863613854169,0.17908802015229225,-0.1442307692307692
109,cem_disagreement_diverse,0.29416101556488,0,1.0,0.25427130828156175,0.25427130828156175,1.0,1.0,0.03988970728331826,1.0,0.7663043478260869,5.433393389103139,0.1290675778659353,0.41931438127090304
109,proxy_instability_diverse,0.29416101556488,0,1.0,0.2646727756373722,0.2646727756373722,1.0,1.0,0.029488239927507834,1.0,0.24623745819397996,5.727772948493825,0.4537085598376425,-0.31270903010033446
109,random_final_population,0.29416101556488,0,1.0,0.2658921689247271,0.2658921689247271,1.0,1.0,0.028268846640152865,1.0,0.44314381270903014,5.161276876916437,0.24971196738934665,0.004180602006688988
110,action_diverse,0.0,1,0.0,0.0,0.0,0.0,1.0,0.0,1.0,0.4360367892976588,5.832026770450863,0.19923646098248077,-0.14757525083612041
110,cem_disagreement_diverse,0.0,1,0.0,0.0,0.0,0.0,1.0,0.0,1.0,0.8377926421404682,5.1987812588511115,0.16583077086586218,0.4013377926421405
110,proxy_instability_diverse,0.0,1,0.0,0.0,0.0,0.0,1.0,0.0,1.0,0.41346153846153844,5.575970188863577,0.2644435357054188,-0.22115384615384617
110,random_final_population,0.0,1,0.0,0.0,0.0,0.0,1.0,0.0,1.0,0.49331103678929766,4.57530146834378,0.1908713027678013,-0.03135451505016723
111,action_diverse,0.034959948737563314,1,0.0,0.0,0.01065958238039727,0.0,1.0,0.024300366357166044,1.0,0.27842809364548493,5.911121163783319,0.0901229869971845,-0.2759197324414716
111,cem_disagreement_diverse,0.034959948737563314,1,0.0,0.0,0.012924193952409437,0.0,1.0,0.022035754785153877,1.0,0.697324414715719,4.961611548007603,0.09322266326304243,0.3833612040133779
111,proxy_instability_diverse,0.034959948737563314,1,0.0,0.0,0.016803281031728786,0.0,1.0,0.018156667705834528,1.0,0.6337792642140467,5.747046656569513,0.13090946539728426,-0.11622073578595318
111,random_final_population,0.034959948737563314,1,0.0,0.0,0.011604981470289284,0.0,1.0,0.02335496726727403,1.0,0.6751672240802675,4.4840780645918485,0.08506155693058756,0.17600334448160537
112,action_diverse,0.1766681914685029,0,0.0,0.0,0.0,0.0,0.0,0.1766681914685029,0.875,0.4523411371237458,6.447646893107237,0.28329877878867515,-0.19272575250836121
112,cem_disagreement_diverse,0.1766681914685029,0,0.0,0.0,0.0,0.0,0.0,0.1766681914685029,1.0,0.7713210702341138,5.203148686231939,0.17636813392455183,0.3494983277591973
112,proxy_instability_diverse,0.1766681914685029,0,0.0,0.0,0.0,0.0,0.0,0.1766681914685029,1.0,0.3373745819397993,5.951553195178612,0.4286547389186518,-0.22031772575250838
112,random_final_population,0.1766681914685029,0,0.0,0.0,0.0,0.0,0.0,0.1766681914685029,1.0,0.4778428093645485,4.19249894053203,0.23819209476459668,0.08821070234113713
113,action_diverse,0.03576206657695673,1,1.0,0.0240775406694197,0.0240775406694197,0.0,1.0,0.011684525907537024,1.0,0.5066889632107023,5.569004458430785,0.2600110446092939,-0.3068561872909699
113,cem_disagreement_diverse,0.03576206657695673,1,0.0,0.0,0.011735117003756002,0.0,1.0,0.024026949573200725,1.0,0.931438127090301,5.3986311232308966,0.13197841574306324,0.362876254180602
113,proxy_instability_diverse,0.03576206657695673,1,1.0,0.0240775406694197,0.0240775406694197,0.0,1.0,0.011684525907537024,1.0,0.35785953177257523,5.440486405199797,0.4541211477581012,-0.37165551839464883
113,random_final_population,0.03576206657695673,1,0.0,0.0,0.012774515347238332,0.0,1.0,0.022987551229718396,1.0,0.5317725752508361,4.649517487763532,0.19524558670073575,-0.06981605351170567
114,action_diverse,0.01767885756460253,1,0.0,0.0,0.004813498158634627,0.0,1.0,0.012865359405967903,1.0,0.6346153846153846,4.894549790169867,0.13782905051072972,-0.24707357859531773
114,cem_disagreement_diverse,0.01767885756460253,1,0.0,0.0,0.004149616785933305,0.0,1.0,0.013529240778669226,1.0,0.8185618729096991,4.27194567771952,0.16926108513823307,0.32608695652173914
114,proxy_instability_diverse,0.01767885756460253,1,0.0,0.0,0.004030175092173105,0.0,1.0,0.013648682472429426,1.0,0.5978260869565217,4.576539584915129,0.24918554729415257,-0.19314381270903008
114,random_final_population,0.01767885756460253,1,0.0,0.0,0.004574508428438576,0.0,1.0,0.013104349136163955,1.0,0.7433110367892977,3.9239741952894454,0.17097275101201648,0.28971571906354515
115,action_diverse,0.3734474509630241,0,1.0,0.031874018243727764,0.031874018243727764,0.0,0.0,0.34157343271929635,1.0,0.5660535117056856,4.809491910261224,0.004904777177937674,-0.20903010033444813
115,cem_disagreement_diverse,0.3734474509630241,0,1.0,0.07580706442832297,0.07580706442832297,0.0,0.0,0.29764038653470115,1.0,0.8511705685618729,4.377097006188787,0.004996815778446568,0.4051003344481605
115,proxy_instability_diverse,0.3734474509630241,0,1.0,0.11122451981985804,0.11122451981985804,0.0,0.0,0.2622229311431661,1.0,0.6454849498327759,4.799019511982179,0.006650936416216578,-0.1567725752508361
115,random_final_population,0.3734474509630241,0,1.0,0.06189019938427731,0.06189019938427731,0.0,0.0,0.3115572515787468,1.0,0.4042642140468228,3.9127556756738078,0.0033463482790584403,-0.13252508361204013
116,action_diverse,0.03529400033878657,1,0.0,0.0,0.0004868283266105111,0.0,1.0,0.034807172012176056,1.0,0.5994983277591973,5.85587074018812,0.17734358661091926,-0.17725752508361203
116,cem_disagreement_diverse,0.03529400033878657,1,0.0,0.0,0.007661002785854687,0.0,1.0,0.02763299755293188,1.0,0.7692307692307692,5.341416057084381,0.1392660799387425,0.390886287625418
116,proxy_instability_diverse,0.03529400033878657,1,0.0,0.0,0.007138331088798005,0.0,1.0,0.028155669249988562,1.0,0.5572742474916388,5.333502049381142,0.26732662379818195,-0.2709030100334448
116,random_final_population,0.03529400033878657,1,0.0,0.0,0.004195294228820777,0.0,1.0,0.03109870610996579,1.0,0.3913043478260869,4.522463204069023,0.13696284389374738,0.0029264214046822758
117,action_diverse,0.04331661540168097,0,1.0,0.021602866424132557,0.021602866424132557,1.0,1.0,0.021713748977548412,1.0,0.7746655518394648,7.1047176447323865,0.11762098133718561,0.09071906354515048
117,cem_disagreement_diverse,0.04331661540168097,0,0.0,0.0,0.016607183351781872,1.0,1.0,0.026709432049899097,1.0,0.8415551839464883,5.847261738083128,0.10277224869671608,0.4673913043478261
117,proxy_instability_diverse,0.04331661540168097,0,1.0,0.024843769987404486,0.024843769987404486,1.0,1.0,0.018472845414276483,1.0,0.3377926421404682,6.151931689584403,0.23441687189955537,-0.27801003344481606
117,random_final_population,0.04331661540168097,0,0.0,0.0,0.018794076539248864,1.0,1.0,0.024522538862432105,1.0,0.40677257525083615,4.647818050088798,0.1636508563581659,0.03010033444816052
118,action_diverse,0.11557104692602789,0,1.0,0.09234005965001627,0.09234005965001627,1.0,1.0,0.023230987276011632,1.0,0.6396321070234114,6.573847659118245,0.13953290760571133,-0.1032608695652174
118,cem_disagreement_diverse,0.11557104692602789,0,0.0,0.0,0.007183244652536239,0.0,0.0,0.10838780227349165,1.0,0.7788461538461537,5.779555342791725,0.16886333695414935,0.49414715719063546
118,proxy_instability_diverse,0.11557104692602789,0,0.0,0.0,0.005357518123069893,0.0,0.0,0.110213528802958,1.0,0.4782608695652174,6.107794902884384,0.3174411347853686,-0.31438127090301005
118,random_final_population,0.11557104692602789,0,1.0,0.09192016738647954,0.09192016738647954,1.0,1.0,0.023650879539548354,1.0,0.2721571906354515,4.88199815152405,0.27335162903934007,-0.16429765886287626
119,action_diverse,0.024331885580301586,1,0.0,0.0,0.006739929784117634,0.0,1.0,0.01759195579618395,1.0,0.4046822742474916,5.174731205626051,0.17563783828310175,-0.1843645484949833
119,cem_disagreement_diverse,0.024331885580301586,1,0.0,0.0,0.005764147762103919,0.0,1.0,0.018567737818197667,1.0,0.8423913043478262,4.687515528170476,0.15052614370890846,0.41555183946488294
119,proxy_instability_diverse,0.024331885580301586,1,0.0,0.0,0.004852147184402994,0.0,1.0,0.01947973839589859,1.0,0.2855351170568562,4.954514781041605,0.2874423342140876,-0.45192307692307687
119,random_final_population,0.024331885580301586,1,0.0,0.0,0.00544375816551531,0.0,1.0,0.018888127414786276,1.0,0.43979933110367897,4.431013832878337,0.1504780058129381,-0.16429765886287626
120,action_diverse,2.627110113507286e-12,1,0.0,0.0,0.0,0.0,1.0,2.627110113507286e-12,1.0,0.4962374581939799,6.513699434114856,0.17501621539760517,-0.24247491638795984
120,cem_disagreement_diverse,2.627110113507286e-12,1,0.0,0.0,0.0,0.0,1.0,2.627110113507286e-12,1.0,0.7851170568561873,5.383123290346341,0.1373917704988047,0.4698996655518395
120,proxy_instability_diverse,2.627110113507286e-12,1,0.0,0.0,0.0,0.0,1.0,2.627110113507286e-12,1.0,0.4109531772575251,5.803685067204741,0.36209956990990877,-0.24289297658862874
120,random_final_population,2.627110113507286e-12,1,0.0,0.0,0.0,0.0,1.0,2.627110113507286e-12,1.0,0.5271739130434783,4.713828977769507,0.15607559937665416,0.15468227424749165
121,action_diverse,0.0017620988874275348,1,0.0,0.0,0.00036581885741593205,0.0,1.0,0.0013962800300116028,1.0,0.6705685618729097,4.726307029221686,0.18488814336534914,-0.16764214046822745
121,cem_disagreement_diverse,0.0017620988874275348,1,0.0,0.0,0.00033826877590050776,0.0,1.0,0.001423830111527027,1.0,0.8168896321070234,4.0232942566964915,0.15511966628170906,0.35702341137123744
121,proxy_instability_diverse,0.0017620988874275348,1,0.0,0.0,0.0,0.0,1.0,0.002395703434391834,1.0,0.7035953177257526,4.405659478591209,0.24093827135737986,0.021321070234113698
121,random_final_population,0.0017620988874275348,1,0.0,0.0,0.00041105869580507714,0.0,1.0,0.0013510401916224577,1.0,0.475752508361204,3.806448497203932,0.14159204502932876,-0.04933110367892976
122,action_diverse,0.02762492004723044,1,0.0,0.0,0.004141899664205358,0.0,1.0,0.02348302038302508,1.0,0.5292642140468228,6.127761713918262,0.21516442751197556,-0.28135451505016723
122,cem_disagreement_diverse,0.02762492004723044,1,1.0,0.023062732357011624,0.023062732357011624,0.0,1.0,0.004562187690218817,1.0,0.7675585284280937,5.258613885540651,0.12115712396045797,0.44105351170568563
122,proxy_instability_diverse,0.02762492004723044,1,0.0,0.0,0.00680167428659741,0.0,1.0,0.02082324576063303,1.0,0.3147993311036789,5.588632820606164,0.39522501708849844,-0.47157190635451507
122,random_final_population,0.02762492004723044,1,0.0,0.0,0.0009310434861869547,0.0,1.0,0.026693876561043484,1.0,0.5681438127090301,4.495716155304869,0.258342180534093,0.11162207357859531
123,action_diverse,0.03736144997413055,1,1.0,0.027953366222396275,0.027953366222396275,0.0,1.0,0.009408083751734277,1.0,0.47282608695652173,7.750352917219381,0.23717488514004242,-0.17642140468227424
123,cem_disagreement_diverse,0.03736144997413055,1,0.0,0.0,0.015847615425039274,0.0,1.0,0.02151383454909128,1.0,0.7934782608695652,6.951128937423656,0.20108132982011415,0.4280936454849499
123,proxy_instability_diverse,0.03736144997413055,1,0.0,0.0,0.00811569393841224,0.0,1.0,0.02924575603571831,1.0,0.23536789297658864,7.336831776855131,0.33699065081624807,-0.26086956521739135
123,random_final_population,0.03736144997413055,1,1.0,0.022810897464519454,0.022810897464519454,0.0,1.0,0.0145505525096111,1.0,0.5685618729096991,6.047285030892908,0.2411544934880183,-0.01672240802675585
124,action_diverse,0.009106856286299671,1,0.0,0.0,0.0024847181227697027,0.0,1.0,0.006622138163529969,1.0,0.4025919732441472,5.055062696218935,0.11644708230818973,-0.391304347826087
124,cem_disagreement_diverse,0.009106856286299671,1,0.0,0.0,0.0025262633568743373,0.0,1.0,0.006580592929425334,1.0,0.7474916387959867,4.391088069340451,0.19481915703741737,0.35576923076923084
124,proxy_instability_diverse,0.009106856286299671,1,0.0,0.0,0.0027453839077873432,0.0,1.0,0.006361472378512328,1.0,0.4669732441471572,4.656794281795888,0.28248656614630085,-0.055602006688963215
124,random_final_population,0.009106856286299671,1,0.0,0.0,0.0017457119222339876,0.0,1.0,0.007361144364065684,1.0,0.5811036789297659,4.252179126595591,0.17724172492332724,0.1622073578595318
125,action_diverse,0.0611447058899232,0,1.0,0.0212164465952493,0.0212164465952493,1.0,1.0,0.0399282592946739,1.0,0.5673076923076923,6.072011904446479,0.1620720524476903,-0.27257525083612044
125,cem_disagreement_diverse,0.0611447058899232,0,1.0,0.027394279132087994,0.027394279132087994,1.0,1.0,0.033750426757835204,1.0,0.7993311036789298,5.143020364593955,0.14173688468625997,0.4280936454849498
125,proxy_instability_diverse,0.0611447058899232,0,1.0,0.02686385265764523,0.02686385265764523,1.0,1.0,0.03428085323227797,1.0,0.4669732441471572,5.925824344069242,0.2416761186837761,-0.229933110367893
125,random_final_population,0.0611447058899232,0,1.0,0.02415599431315197,0.02415599431315197,1.0,1.0,0.03698871157677123,1.0,0.38210702341137126,4.923860379845733,0.16107785739689764,-0.0066889632107023506
126,action_diverse,0.01153900747884055,1,0.0,0.0,0.0,0.0,1.0,0.028736010810305825,1.0,0.5246655518394648,7.10718231841084,0.196997233566582,-0.2637959866220736
126,cem_disagreement_diverse,0.01153900747884055,1,0.0,0.0,0.0,0.0,1.0,0.017526821662617976,1.0,0.8177257525083612,6.029061818236723,0.1852733009539402,0.44648829431438125
126,proxy_instability_diverse,0.01153900747884055,1,0.0,0.0,0.0,0.0,1.0,0.02558514825200898,1.0,0.4067725752508361,6.259087748507696,0.35480317504368025,-0.11914715719063544
126,random_final_population,0.01153900747884055,1,0.0,0.0,0.0,0.0,1.0,0.016414164331983505,1.0,0.5342809364548495,5.201846999687616,0.19718363046339407,0.16471571906354515
127,action_diverse,0.061266617374514123,0,1.0,0.03370730016411347,0.03370730016411347,1.0,1.0,0.027559317210400655,1.0,0.6864548494983278,6.588717260496738,0.21812384133858137,-0.1387959866220736
127,cem_disagreement_diverse,0.061266617374514123,0,1.0,0.041704165517801185,0.041704165517801185,1.0,1.0,0.019562451856712938,1.0,0.6872909698996655,5.828614913311373,0.24955764725225954,0.46362876254180607
127,proxy_instability_diverse,0.061266617374514123,0,1.0,0.033717106941446,0.033717106941446,1.0,1.0,0.027549510433068122,1.0,0.3770903010033445,6.219732671606808,0.45319011855267,-0.2470735785953177
127,random_final_population,0.061266617374514123,0,1.0,0.036596768543287084,0.036596768543287084,1.0,1.0,0.02466984883122704,1.0,0.495819397993311,5.363837770736333,0.2616209003490044,0.018812709030100357
