task,arm,seed,success,success_end,steps,final_state_dist,ee_dist,state_dist_success,expert_success_step,minutes
mw-reach,l2,10000,1,1,100,0.5879516603712103,0.013306078826019571,0,56,1.81
mw-reach,l2lora,10000,1,0,100,0.7657966619896703,0.038862290796510476,0,56,2.27
mw-reach,l2inv,10000,1,1,100,0.2814310205285125,0.031068041084183047,1,56,1.82
mw-reach,l2lorainv,10000,0,0,100,0.9367007460792094,0.0486554996062665,0,56,2.28
mw-reach,l2,10001,1,0,100,0.03451756188963637,0.025244679297136915,1,38,1.81
mw-reach,l2lora,10001,1,1,100,0.08938265373867976,0.03956835082901953,1,38,2.27
mw-reach,l2inv,10001,1,0,100,0.0210638404830137,0.01661627011207835,1,38,1.82
mw-reach,l2lorainv,10001,1,1,100,0.19798309662743768,0.025841809147557144,1,38,2.27
mw-reach,l2,10002,1,0,100,0.7925297500194558,0.039880605476621735,0,49,1.81
mw-reach,l2lora,10002,1,0,100,0.09699800581575724,0.04208410238254605,1,49,2.27
mw-reach,l2inv,10002,1,1,100,0.9208594931206132,0.03782185721536834,0,49,1.81
mw-reach,l2lorainv,10002,1,0,100,0.580682216103771,0.061813433234810186,0,49,2.27
mw-reach,l2,10003,1,0,100,0.01789747293248252,0.013073957629954483,1,47,1.81
mw-reach,l2lora,10003,1,0,100,0.03818379450448653,0.02867830199741652,1,47,2.27
mw-reach,l2inv,10003,1,0,100,0.3162779622270477,0.014845792386739685,0,47,1.81
mw-reach,l2lorainv,10003,1,0,100,1.0027882468802216,0.06092043533534674,0,47,2.27
mw-reach,l2,10004,1,1,100,0.02307157078131993,0.014323467525006241,1,54,1.81
mw-reach,l2lora,10004,1,0,100,0.08130704670553315,0.05458626932466136,1,54,2.27
mw-reach,l2inv,10004,1,1,100,0.2748297677850594,0.017034281156872052,1,54,1.82
mw-reach,l2lorainv,10004,0,0,100,0.0471485216052531,0.03257632991156819,1,54,2.28
mw-reach,l2,10005,1,0,100,0.32060091524163625,0.042414341690786166,0,44,1.81
mw-reach,l2lora,10005,1,1,100,0.8571056609712695,0.052297559178094435,0,44,2.27
mw-reach,l2inv,10005,1,1,100,0.8385650409186629,0.03313311841178395,0,44,1.82
mw-reach,l2lorainv,10005,1,1,100,0.9906501075731016,0.01841932681876171,0,44,2.28
mw-reach,l2,10006,1,0,100,0.04740021186999915,0.03358014199128108,1,52,1.81
mw-reach,l2lora,10006,1,0,100,0.060206963544480525,0.043053819115104607,1,52,2.27
mw-reach,l2inv,10006,1,0,100,0.08867089080852242,0.0476705625557849,1,52,1.82
mw-reach,l2lorainv,10006,0,0,100,0.052014200992210435,0.037334090642325866,1,52,2.27
mw-reach,l2,10007,1,1,100,1.0124439035832413,0.030067745763058373,0,54,1.82
mw-reach,l2lora,10007,1,1,100,0.7696995997474081,0.05696134242541724,0,54,2.27
mw-reach,l2inv,10007,1,1,100,0.5704065424260959,0.039647044418992236,0,54,1.82
mw-reach,l2lorainv,10007,1,0,100,0.6254654162973924,0.038084001798210705,0,54,2.27
mw-reach,l2,10008,1,1,100,0.20023850956249006,0.023055472595269747,1,37,1.82
mw-reach,l2lora,10008,1,1,100,0.007869432062568845,0.0032348098670941985,1,37,2.27
mw-reach,l2inv,10008,1,1,100,0.023585845554554095,0.00193404820782446,1,37,1.82
mw-reach,l2lorainv,10008,1,0,100,0.017392909220748657,0.013682106089950184,1,37,2.27
mw-reach,l2,10009,1,0,100,0.9512495949711638,0.03459626107295489,0,47,1.81
mw-reach,l2lora,10009,1,1,100,0.9998823231868599,0.03702695669388355,0,47,2.27
mw-reach,l2inv,10009,1,0,100,0.7934232269112792,0.03936945734751553,0,47,1.82
mw-reach,l2lorainv,10009,1,1,100,0.99230692964278,0.03445441049966875,0,47,2.28
mw-reach,l2,10010,1,0,100,0.02564291843564997,0.017648429279539593,1,41,1.81
mw-reach,l2lora,10010,1,0,100,0.18640681534927098,0.04454136240824659,1,41,2.27
mw-reach,l2inv,10010,1,1,100,0.2388190593852977,0.011240759101250443,1,41,1.81
mw-reach,l2lorainv,10010,1,0,100,0.3125527008679345,0.04547554763855773,0,41,2.27
mw-reach,l2,10011,1,1,100,0.02807020117626176,0.02086873566234767,1,51,1.81
mw-reach,l2lora,10011,1,1,100,0.02821177363944397,0.01958931046634856,1,51,2.27
mw-reach,l2inv,10011,1,1,100,0.029410319083733004,0.021067960265222587,1,51,1.82
mw-reach,l2lorainv,10011,1,1,100,0.04789128562057383,0.027103643997580636,1,51,2.27
mw-reach,l2,10012,0,0,100,0.45536514503633074,0.016654969686481235,0,54,1.81
mw-reach,l2lora,10012,1,0,100,0.06160654046545726,0.039030532478035986,1,54,2.27
mw-reach,l2inv,10012,1,1,100,0.08650370108144484,0.024856501713992625,1,54,1.82
mw-reach,l2lorainv,10012,1,0,100,0.09471704215341038,0.037660219224737904,1,54,2.27
mw-reach,l2,10013,1,0,100,0.02978856925579085,0.023013014591034688,1,50,1.81
mw-reach,l2lora,10013,1,0,100,0.05782854076146826,0.037443071530771616,1,50,2.27
mw-reach,l2inv,10013,1,1,100,0.02283967505946311,0.01607109296749524,1,50,1.82
mw-reach,l2lorainv,10013,1,0,100,0.3842152833300834,0.025358271372422945,0,50,2.27
mw-reach,l2,10014,1,1,100,0.02606874450557492,0.018422167943883135,1,50,1.82
mw-reach,l2lora,10014,1,1,100,0.39931037278297665,0.025458298980407943,0,50,2.27
mw-reach,l2inv,10014,1,0,100,0.03905607784262457,0.022456795640753185,1,50,1.82
mw-reach,l2lorainv,10014,1,1,100,0.15316073853598702,0.03862005144555532,1,50,2.27
mw-reach,l2,10015,1,0,100,0.05707773551037399,0.03625888581706744,1,48,1.82
mw-reach,l2lora,10015,1,0,100,0.0858247636678073,0.06007864346225694,1,48,2.28
mw-reach,l2inv,10015,1,0,100,0.03451224632719594,0.023118280723378317,1,48,1.82
mw-reach,l2lorainv,10015,1,0,100,0.08004997074763101,0.05820929283009997,1,48,2.27
mw-push,l2,10000,0,0,100,0.7807215116353123,0.07067692478203053,0,51,1.82
mw-push,l2lora,10000,0,0,100,0.7073666563572742,0.0390889421460121,0,51,2.27
mw-push,l2inv,10000,0,0,100,0.6396560564500183,0.06803587058899534,0,51,1.82
mw-push,l2lorainv,10000,0,0,100,0.7573401159657956,0.071922248228255,0,51,2.28
mw-push,l2,10001,0,0,100,1.176083620772824,0.027105294082297275,0,57,1.82
mw-push,l2lora,10001,0,0,100,0.2662135952672406,0.034542563044967264,1,57,2.27
mw-push,l2inv,10001,0,0,100,1.3394878893912094,0.03172664248221136,0,57,1.82
mw-push,l2lorainv,10001,0,0,100,0.33083722904644836,0.033899435402444396,0,57,2.28
mw-push,l2,10002,0,0,100,0.49953772585484224,0.04477580485087445,0,66,1.82
mw-push,l2lora,10002,0,0,100,0.39471608411318654,0.044424006720260124,0,66,2.27
mw-push,l2inv,10002,0,0,100,0.4091955953370294,0.03054681061745616,0,66,1.82
mw-push,l2lorainv,10002,0,0,100,0.3985503657254872,0.03489479899420047,0,66,2.27
mw-push,l2,10003,0,0,100,0.7233904459746537,0.03890160298637904,0,60,1.81
mw-push,l2lora,10003,0,0,100,0.5348993129286134,0.08618049175853769,0,60,2.28
mw-push,l2inv,10003,0,0,100,0.34601893494884084,0.016278803012241834,0,60,1.82
mw-push,l2lorainv,10003,0,0,100,0.3502323408712007,0.03881354077890377,0,60,2.27
mw-push,l2,10004,0,0,100,0.8203855901214112,0.05539686985933259,0,67,1.82
mw-push,l2lora,10004,0,0,100,0.7489514581523921,0.039881311558420514,0,67,2.28
mw-push,l2inv,10004,0,0,100,0.48583141399642554,0.055309457840367136,0,67,1.82
mw-push,l2lorainv,10004,0,0,100,0.5377813888650198,0.023020719537868675,0,67,2.28
mw-push,l2,10005,0,0,100,0.5153453345210077,0.03831035416015248,0,65,1.81
mw-push,l2lora,10005,0,0,100,0.5113323342850308,0.02018747878323403,0,65,2.27
mw-push,l2inv,10005,0,0,100,0.4705252915243031,0.05918742546259164,0,65,1.82
mw-push,l2lorainv,10005,0,0,100,0.5214573528054831,0.03536375336586543,0,65,2.28
mw-push,l2,10006,0,0,100,0.4514981259519751,0.03957106601148606,0,71,1.81
mw-push,l2lora,10006,0,0,100,0.6608354021577233,0.09998037942326721,0,71,2.28
mw-push,l2inv,10006,0,0,100,0.4629851035572357,0.03371396321145906,0,71,1.82
mw-push,l2lorainv,10006,0,0,100,0.44624212659578305,0.06779558273548643,0,71,2.28
mw-push,l2,10007,0,0,100,0.4323386320475184,0.028890817977336412,0,61,1.81
mw-push,l2lora,10007,0,0,100,0.49069469155347484,0.05931378014609118,0,61,2.28
mw-push,l2inv,10007,0,0,100,0.4690245457919888,0.04203824190047554,0,61,1.82
mw-push,l2lorainv,10007,0,0,100,0.3737601060980187,0.07624408836258374,0,61,2.27
mw-push,l2,10008,0,0,100,0.3432656080261278,0.021246270831459923,0,55,1.82
mw-push,l2lora,10008,0,0,100,0.42872207237781995,0.050277315282753504,0,55,2.28
mw-push,l2inv,10008,0,0,100,0.2687901969866602,0.01797818413011144,1,55,1.82
mw-push,l2lorainv,10008,0,0,100,0.4218856442369182,0.09497987103946068,0,55,2.28
mw-push,l2,10009,0,0,100,0.43617455308077946,0.023213315776407995,0,68,1.81
mw-push,l2lora,10009,0,0,100,0.4103070685918501,0.05239064329686714,0,68,2.28
mw-push,l2inv,10009,0,0,100,0.492495975000887,0.05013806235583774,0,68,1.81
mw-push,l2lorainv,10009,0,0,100,0.4955313447569878,0.034150677215441995,0,68,2.27
mw-push,l2,10010,0,0,100,0.33300599213621895,0.03874503574441197,0,60,1.82
mw-push,l2lora,10010,0,0,100,0.34519987208106395,0.07064454080460776,0,60,2.28
mw-push,l2inv,10010,0,0,100,0.42989896603137384,0.04256526879779289,0,60,1.82
mw-push,l2lorainv,10010,0,0,100,0.3186714044336474,0.08738560017246592,0,60,2.27
mw-push,l2,10011,0,0,100,1.5636212316050024,0.018273685964728482,0,57,1.82
mw-push,l2lora,10011,0,0,100,0.7011177238242653,0.011826764880777132,0,57,2.28
mw-push,l2inv,10011,0,0,100,0.35604945553757184,0.036236314418637026,0,57,1.82
mw-push,l2lorainv,10011,0,0,100,0.33392036831090866,0.052332910978151306,0,57,2.28
mw-push,l2,10012,0,0,100,1.145714192998955,0.07213683350277397,0,56,1.82
mw-push,l2lora,10012,0,0,100,0.7327074208569074,0.09452836639150033,0,56,2.28
mw-push,l2inv,10012,0,0,100,0.33146641742289323,0.035346276640612566,0,56,1.82
mw-push,l2lorainv,10012,0,0,100,0.41269383467778886,0.032773364841019156,0,56,2.28
mw-push,l2,10013,0,0,100,0.5893094928615242,0.03698462265768057,0,55,1.82
mw-push,l2lora,10013,0,0,100,0.326965302714079,0.06661270346453414,0,55,2.28
mw-push,l2inv,10013,0,0,100,0.37290534637071165,0.04426622588700694,0,55,1.82
mw-push,l2lorainv,10013,0,0,100,0.2565791017537471,0.04731805106016335,1,55,2.28
mw-push,l2,10014,0,0,100,0.35934252580666787,0.03657844092402374,0,64,1.82
mw-push,l2lora,10014,0,0,100,0.4749653057468129,0.07454071886040778,0,64,2.28
mw-push,l2inv,10014,0,0,100,0.46443681601861264,0.03276312608468953,0,64,1.82
mw-push,l2lorainv,10014,0,0,100,0.44593395718982487,0.052718855118317615,0,64,2.28
mw-push,l2,10015,0,0,100,0.47844214245844663,0.06210844991998931,0,62,1.82
mw-push,l2lora,10015,0,0,100,0.692612683498242,0.045962692726892775,0,62,2.28
mw-push,l2inv,10015,0,0,100,0.534757280117489,0.030679978403459377,0,62,1.82
mw-push,l2lorainv,10015,0,0,100,0.5502593425016098,0.030007148797260307,0,62,2.28
mw-pick-place,l2,10000,0,0,100,0.6917995693630994,0.03683464237640034,0,51,1.82
mw-pick-place,l2lora,10000,0,0,100,0.5792221777113093,0.05318663711839504,0,51,2.28
mw-pick-place,l2inv,10000,0,0,100,0.5820973636729262,0.03215180610524119,0,51,1.82
mw-pick-place,l2lorainv,10000,0,0,100,0.5709813550831281,0.04293866430378368,0,51,2.28
mw-pick-place,l2,10001,0,0,100,0.7123624484111261,0.015094981113061984,0,47,1.82
mw-pick-place,l2lora,10001,0,0,100,0.6693690809764513,0.029780851722497264,0,47,2.28
mw-pick-place,l2inv,10001,0,0,100,0.2647248839534958,0.023055776028211017,1,47,1.82
mw-pick-place,l2lorainv,10001,0,0,100,0.2943464080250084,0.0302728491225121,1,47,2.28
mw-pick-place,l2,10002,0,0,100,0.41725673265247076,0.011652912328091092,0,56,1.82
mw-pick-place,l2lora,10002,0,0,100,0.4541943255891143,0.02432142101708027,0,56,2.28
mw-pick-place,l2inv,10002,0,0,100,0.4197882964277917,0.04683831047520382,0,56,1.82
mw-pick-place,l2lorainv,10002,0,0,100,0.5014832185747478,0.016955696223815823,0,56,2.28
mw-pick-place,l2,10003,0,0,100,0.4089827560999596,0.014340031389959084,0,53,1.82
mw-pick-place,l2lora,10003,0,0,100,0.4680372498125622,0.06541800082548534,0,53,2.28
mw-pick-place,l2inv,10003,0,0,100,0.5065637703183852,0.029276535113996735,0,53,1.82
mw-pick-place,l2lorainv,10003,0,0,100,0.5105004109471412,0.05169762683739349,0,53,2.28
mw-pick-place,l2,10004,0,0,100,0.826801906676949,0.07957978295906558,0,58,1.82
mw-pick-place,l2lora,10004,0,0,100,0.5000813216281432,0.07267345984645568,0,58,2.28
mw-pick-place,l2inv,10004,0,0,100,0.5402789832342625,0.07797435340121579,0,58,1.82
mw-pick-place,l2lorainv,10004,0,0,100,0.5040939943184178,0.08499787537422565,0,58,2.27
mw-pick-place,l2,10005,0,0,100,0.5115760174052475,0.04478887701611369,0,56,1.82
mw-pick-place,l2lora,10005,0,0,100,0.5197655589176291,0.04956163238283548,0,56,2.28
mw-pick-place,l2inv,10005,0,0,100,0.511463351146374,0.026926263438572975,0,56,1.82
mw-pick-place,l2lorainv,10005,0,0,100,0.5199948225033165,0.07285360222489945,0,56,2.28
mw-pick-place,l2,10006,0,0,100,0.4787881993326005,0.04757046651692916,0,59,1.82
mw-pick-place,l2lora,10006,0,0,100,0.831519064022868,0.029898674151830427,0,59,2.28
mw-pick-place,l2inv,10006,0,0,100,0.5157436117472125,0.04967909590212769,0,59,1.82
mw-pick-place,l2lorainv,10006,0,0,100,0.5662048140665418,0.059134136903957406,0,59,2.28
mw-pick-place,l2,10007,0,0,100,0.5530811443116704,0.04481661059055128,0,55,1.81
mw-pick-place,l2lora,10007,0,0,100,0.5588653937450639,0.059273765716349625,0,55,2.28
mw-pick-place,l2inv,10007,0,0,100,0.5318797657122343,0.02178138516180399,0,55,1.82
mw-pick-place,l2lorainv,10007,0,0,100,0.5599345213751475,0.04267965537441035,0,55,2.28
mw-pick-place,l2,10008,0,0,100,0.7310112083995546,0.051368351114966744,0,46,1.82
mw-pick-place,l2lora,10008,0,0,100,0.25710803658997206,0.019240946947708715,1,46,2.28
mw-pick-place,l2inv,10008,0,0,100,0.32156894104162576,0.024266354634955998,0,46,1.82
mw-pick-place,l2lorainv,10008,0,0,100,0.33431688925927505,0.01974013492828976,0,46,2.28
mw-pick-place,l2,10009,0,0,100,0.6666472212049096,0.04921809778835577,0,56,1.82
mw-pick-place,l2lora,10009,0,0,100,0.48426027666706434,0.01548868522620423,0,56,2.28
mw-pick-place,l2inv,10009,0,0,100,0.4847560675365055,0.039262533661997584,0,56,1.82
mw-pick-place,l2lorainv,10009,0,0,100,0.484686428793951,0.026119332376588773,0,56,2.28
mw-pick-place,l2,10010,0,0,100,0.7459421284178437,0.041913311813725686,0,50,1.82
mw-pick-place,l2lora,10010,0,0,100,0.36699294930987275,0.05966366855648704,0,50,2.28
mw-pick-place,l2inv,10010,0,0,100,0.41479332721669065,0.022542999497975634,0,50,1.82
mw-pick-place,l2lorainv,10010,0,0,100,0.4236469180301713,0.033383409077873676,0,50,2.28
mw-pick-place,l2,10011,0,0,100,0.798855562543107,0.03030493464428428,0,56,1.81
mw-pick-place,l2lora,10011,0,0,100,0.4309230015635586,0.06590010958669192,0,56,2.28
mw-pick-place,l2inv,10011,0,0,100,0.48656964633919997,0.01756285031516432,0,56,1.82
mw-pick-place,l2lorainv,10011,0,0,100,0.4187525736420138,0.013773552326168982,0,56,2.28
mw-pick-place,l2,10012,0,0,100,0.5173722579227542,0.0015478024122556639,0,60,1.82
mw-pick-place,l2lora,10012,0,0,100,0.5101026798136647,0.006445388881873786,0,60,2.28
mw-pick-place,l2inv,10012,0,0,100,0.4951740571751636,0.014865235103924256,0,60,1.82
mw-pick-place,l2lorainv,10012,0,0,100,0.5158650758328248,0.015872155419230687,0,60,2.28
mw-pick-place,l2,10013,0,0,100,0.7772829844335437,0.004420092269213545,0,55,1.81
mw-pick-place,l2lora,10013,0,0,100,0.40976323445797314,0.008242659463590837,0,55,2.28
mw-pick-place,l2inv,10013,0,0,100,0.39439030602350744,0.0026341608389144175,0,55,1.82
mw-pick-place,l2lorainv,10013,0,0,100,0.43432075938137826,0.01312802791925185,0,55,2.28
mw-pick-place,l2,10014,0,0,100,0.5175083645538724,0.02008568571550304,0,55,1.82
mw-pick-place,l2lora,10014,0,0,100,0.49051269582416324,0.06273082161063012,0,55,2.28
mw-pick-place,l2inv,10014,0,0,100,0.5151282110497594,0.02900698555664331,0,55,1.82
mw-pick-place,l2lorainv,10014,0,0,100,0.5202483934793253,0.06140309986115401,0,55,2.28
mw-pick-place,l2,10015,0,0,100,0.5326922922253576,0.04368883679976125,0,54,1.82
mw-pick-place,l2lora,10015,0,0,100,0.4391944609651454,0.02148565779921299,0,54,2.28
mw-pick-place,l2inv,10015,0,0,100,0.537462898005656,0.058590408275397916,0,54,1.82
mw-pick-place,l2lorainv,10015,0,0,100,0.5352532231583906,0.04102616167644906,0,54,2.28
