snapshot,arm,anchor_physical_distance_m,anchor_success,inversion_hit,best_corrective_advantage_m,best_any_advantage_m,any_success_gain,selected_success_any,best_selected_distance_m,proxy_rejected_fraction,mean_proxy_rank_fraction,mean_action_distance_from_anchor
0,action_diverse,0.22640995686947987,0,0.0,0.0,0.0,0.0,0.0,0.22640995686947987,1.0,0.36998327759197325,6.301733947221143
0,proxy_hard,0.22640995686947987,0,0.0,0.0,0.0,0.0,0.0,0.22640995686947987,1.0,0.9882943143812709,4.868101805003548
0,proxy_rejected_stratified_diverse,0.22640995686947987,0,0.0,0.0,0.0,0.0,0.0,0.22640995686947987,1.0,0.5133779264214047,7.098363375345558
0,random_final_population,0.22640995686947987,0,0.0,0.0,0.0,0.0,0.0,0.22640995686947987,1.0,0.5480769230769231,4.770518520566913
1,action_diverse,0.008707923075003699,1,0.0,0.0,0.0,0.0,1.0,0.008707923075003699,1.0,0.7044314381270904,6.335041563803596
1,proxy_hard,0.008707923075003699,1,0.0,0.0,0.0,0.0,1.0,0.008707923075003699,1.0,0.9882943143812709,5.030012419131131
1,proxy_rejected_stratified_diverse,0.008707923075003699,1,0.0,0.0,0.0,0.0,1.0,0.008707923075003699,1.0,0.49874581939799334,6.4480346872059595
1,random_final_population,0.008707923075003699,1,0.0,0.0,0.0,0.0,1.0,0.008707923075003699,1.0,0.46112040133779264,5.194908224800025
2,action_diverse,0.026341650394433827,1,0.0,0.0,0.003906681037483012,0.0,1.0,0.022434969356950815,1.0,0.6262541806020068,4.841950824453242
2,proxy_hard,0.026341650394433827,1,0.0,0.0,0.0,0.0,1.0,0.026539168712168253,1.0,0.9882943143812709,4.065257167834475
2,proxy_rejected_stratified_diverse,0.026341650394433827,1,0.0,0.0,0.008003150961131234,0.0,1.0,0.018338499433302593,1.0,0.5117056856187291,4.950492369080498
2,random_final_population,0.026341650394433827,1,0.0,0.0,0.006771169530655548,0.0,1.0,0.01957048086377828,1.0,0.685200668896321,3.715480071890964
3,action_diverse,0.004080595707463865,1,0.0,0.0,0.0,0.0,1.0,0.004080595707463865,1.0,0.6145484949832776,4.534379360450176
3,proxy_hard,0.004080595707463865,1,0.0,0.0,0.0,0.0,1.0,0.004080595707463865,1.0,0.9882943143812709,3.911339651478278
3,proxy_rejected_stratified_diverse,0.004080595707463865,1,0.0,0.0,0.0,0.0,1.0,0.004080595707463865,1.0,0.4945652173913043,4.678132275198001
3,random_final_population,0.004080595707463865,1,0.0,0.0,0.0,0.0,1.0,0.004080595707463865,1.0,0.535953177257525,3.820159246176986
4,action_diverse,0.297946688471963,0,1.0,0.023223819958494984,0.023223819958494984,0.0,0.0,0.274722868513468,1.0,0.4958193979933111,8.021421498879203
4,proxy_hard,0.297946688471963,0,0.0,0.0,0.01889299892893548,0.0,0.0,0.2790536895430275,1.0,0.9882943143812709,6.767427661196021
4,proxy_rejected_stratified_diverse,0.297946688471963,0,1.0,0.0382155332494829,0.0382155332494829,0.0,0.0,0.2597311552224801,1.0,0.4845317725752509,9.048015178413529
4,random_final_population,0.297946688471963,0,1.0,0.03171186188925135,0.03171186188925135,0.0,0.0,0.26623482658271164,0.875,0.3239966555183946,6.201418755685362
5,action_diverse,0.16751469988914158,0,0.0,0.0,0.0011478836874556642,0.0,0.0,0.16636681620168592,1.0,0.669732441471572,4.945321515555731
5,proxy_hard,0.16751469988914158,0,0.0,0.0,0.001014092953014245,0.0,0.0,0.16650060693612734,1.0,0.9882943143812709,3.9024834668315647
5,proxy_rejected_stratified_diverse,0.16751469988914158,0,0.0,0.0,0.0011478836874556642,0.0,0.0,0.16636681620168592,1.0,0.4933110367892976,5.239201873615576
5,random_final_population,0.16751469988914158,0,0.0,0.0,0.00020691993169658085,0.0,0.0,0.167307779957445,1.0,0.4740802675585284,3.6707871815419972
6,action_diverse,1.6078445462138373e-13,1,0.0,0.0,0.0,0.0,1.0,1.6078445462138373e-13,1.0,0.5752508361204014,5.628647036538297
6,proxy_hard,1.6078445462138373e-13,1,0.0,0.0,0.0,0.0,1.0,1.6078445462138373e-13,1.0,0.9882943143812709,4.710090015395766
6,proxy_rejected_stratified_diverse,1.6078445462138373e-13,1,0.0,0.0,0.0,0.0,1.0,1.6078445462138373e-13,1.0,0.4845317725752508,5.758708600834511
6,random_final_population,1.6078445462138373e-13,1,0.0,0.0,0.0,0.0,1.0,1.6078445462138373e-13,1.0,0.6283444816053512,4.480814225283863
7,action_diverse,0.08625961329418548,0,0.0,0.0,0.00015479694468029104,0.0,0.0,0.08610481634950519,1.0,0.6312709030100334,5.835209241254531
7,proxy_hard,0.08625961329418548,0,0.0,0.0,5.0728678529857185e-05,0.0,0.0,0.08620888461565562,1.0,0.9882943143812709,4.381709714275595
7,proxy_rejected_stratified_diverse,0.08625961329418548,0,0.0,0.0,0.00021860158205222469,0.0,0.0,0.08604101171213326,1.0,0.5004180602006689,5.98295372508953
7,random_final_population,0.08625961329418548,0,0.0,0.0,0.00022895549249685176,0.0,0.0,0.08603065780168863,1.0,0.693979933110368,4.5583352442160985
8,action_diverse,0.0,1,0.0,0.0,0.0,0.0,1.0,0.0,1.0,0.5568561872909699,6.101823358181749
8,proxy_hard,0.0,1,0.0,0.0,0.0,0.0,1.0,0.0,1.0,0.9882943143812709,5.170939246421046
8,proxy_rejected_stratified_diverse,0.0,1,0.0,0.0,0.0,0.0,1.0,0.0,1.0,0.5104515050167224,6.357871889752778
8,random_final_population,0.0,1,0.0,0.0,0.0,0.0,1.0,0.0,1.0,0.4326923076923077,4.536594976024549
9,action_diverse,0.0,1,0.0,0.0,0.0,0.0,1.0,0.0,1.0,0.5480769230769231,5.545223936572732
9,proxy_hard,0.0,1,0.0,0.0,0.0,0.0,1.0,0.0,1.0,0.9882943143812709,4.646670072332922
9,proxy_rejected_stratified_diverse,0.0,1,0.0,0.0,0.0,0.0,1.0,0.0,1.0,0.4991638795986622,5.471093081169723
9,random_final_population,0.0,1,0.0,0.0,0.0,0.0,1.0,0.0,1.0,0.5622909698996655,4.549817091479399
10,action_diverse,0.23671034845374403,0,1.0,0.21438175130185408,0.21438175130185408,1.0,1.0,0.022328597151889954,1.0,0.6032608695652174,6.3512824162589006
10,proxy_hard,0.23671034845374403,0,1.0,0.21948918595815015,0.21948918595815015,1.0,1.0,0.01722116249559387,1.0,0.9882943143812709,5.627612713934456
10,proxy_rejected_stratified_diverse,0.23671034845374403,0,1.0,0.21438175130185408,0.21438175130185408,1.0,1.0,0.022328597151889954,1.0,0.5150501672240803,6.7821051027148185
10,random_final_population,0.23671034845374403,0,1.0,0.18933768263961206,0.18933768263961206,0.0,0.0,0.04737266581413196,1.0,0.6116220735785953,5.233710190216287
11,action_diverse,0.032486257272289265,1,1.0,0.025758417263402618,0.025758417263402618,0.0,1.0,0.006727840008886646,1.0,0.5790133779264214,7.040193047369353
11,proxy_hard,0.032486257272289265,1,0.0,0.0,0.0071685968876844496,0.0,1.0,0.025317660384604816,1.0,0.9882943143812709,5.868286933699826
11,proxy_rejected_stratified_diverse,0.032486257272289265,1,1.0,0.025758417263402618,0.025758417263402618,0.0,1.0,0.006727840008886646,1.0,0.5263377926421404,9.447381483593809
11,random_final_population,0.032486257272289265,1,0.0,0.0,0.012465197598478164,0.0,1.0,0.0200210596738111,1.0,0.45568561872909696,5.276032459827427
12,action_diverse,0.03687043047350717,1,0.0,0.0,0.017007366351883567,0.0,1.0,0.0198630641216236,1.0,0.4891304347826087,6.198657002242162
12,proxy_hard,0.03687043047350717,1,0.0,0.0,0.008709857358523462,0.0,1.0,0.028160573114983704,1.0,0.9882943143812709,4.452916016260017
12,proxy_rejected_stratified_diverse,0.03687043047350717,1,0.0,0.0,0.01260098390799265,0.0,1.0,0.024269446565514517,1.0,0.4870401337792642,6.6511955850855635
12,random_final_population,0.03687043047350717,1,0.0,0.0,0.005623299690088488,0.0,1.0,0.03124713078341868,1.0,0.4406354515050167,4.433810347816449
13,action_diverse,2.6287855665906633e-05,1,0.0,0.0,0.0,0.0,1.0,2.6287855665906633e-05,1.0,0.5501672240802675,6.168340400611864
13,proxy_hard,2.6287855665906633e-05,1,0.0,0.0,0.0,0.0,1.0,2.6287855665906633e-05,1.0,0.9882943143812709,4.789715238708795
13,proxy_rejected_stratified_diverse,2.6287855665906633e-05,1,0.0,0.0,0.0,0.0,1.0,2.6287855665906633e-05,1.0,0.48244147157190637,6.139054295995155
13,random_final_population,2.6287855665906633e-05,1,0.0,0.0,0.0,0.0,1.0,2.6287855665906633e-05,1.0,0.5301003344481605,4.989997558157926
14,action_diverse,0.25556972749468226,0,0.0,0.0,0.016405150020273762,0.0,0.0,0.2391645774744085,1.0,0.5263377926421404,7.4663970908932376
14,proxy_hard,0.25556972749468226,0,0.0,0.0,0.0,0.0,0.0,0.25839792562296804,1.0,0.9882943143812709,6.101342213843726
14,proxy_rejected_stratified_diverse,0.25556972749468226,0,0.0,0.0,0.0,0.0,0.0,0.257805126022805,1.0,0.4887123745819398,7.985102170819488
14,random_final_population,0.25556972749468226,0,0.0,0.0,0.0,0.0,0.0,0.25636944204981027,1.0,0.43770903010033446,5.639582384540026
15,action_diverse,0.027255669184247933,1,0.0,0.0,0.010803610768702298,0.0,1.0,0.016452058415545635,1.0,0.5355351170568561,5.076296658042956
15,proxy_hard,0.027255669184247933,1,0.0,0.0,0.0021339055842375214,0.0,1.0,0.02512176360001041,1.0,0.9882943143812709,4.252474012047124
15,proxy_rejected_stratified_diverse,0.027255669184247933,1,0.0,0.0,0.010803610768702298,0.0,1.0,0.016452058415545635,1.0,0.5066889632107023,5.173191834055519
15,random_final_population,0.027255669184247933,1,0.0,0.0,0.008182677454908745,0.0,1.0,0.019072991729339187,1.0,0.6145484949832776,4.148480075445278
16,action_diverse,0.06578274128224121,0,1.0,0.05556405885996034,0.05556405885996034,1.0,1.0,0.010218682422280873,1.0,0.48536789297658867,5.950066625263972
16,proxy_hard,0.06578274128224121,0,1.0,0.053704371165713874,0.053704371165713874,1.0,1.0,0.012078370116527331,1.0,0.9882943143812709,4.927621063837549
16,proxy_rejected_stratified_diverse,0.06578274128224121,0,1.0,0.062366945241156,0.062366945241156,1.0,1.0,0.0034157960410852095,1.0,0.5058528428093646,6.3247035243638035
16,random_final_population,0.06578274128224121,0,1.0,0.062366945241156,0.062366945241156,1.0,1.0,0.0034157960410852095,1.0,0.6580267558528428,5.35544461656498
17,action_diverse,1.1810328668412117e-14,1,0.0,0.0,0.0,0.0,1.0,1.1810328668412117e-14,1.0,0.5167224080267558,5.625046467274828
17,proxy_hard,1.1810328668412117e-14,1,0.0,0.0,0.0,0.0,1.0,1.1810328668412117e-14,1.0,0.9882943143812709,4.569114197666458
17,proxy_rejected_stratified_diverse,1.1810328668412117e-14,1,0.0,0.0,0.0,0.0,1.0,1.1810328668412117e-14,1.0,0.4945652173913043,6.362428667265366
17,random_final_population,1.1810328668412117e-14,1,0.0,0.0,0.0,0.0,1.0,1.1810328668412117e-14,1.0,0.5146321070234113,3.791846350221184
18,action_diverse,0.01763765567030844,1,0.0,0.0,0.0,0.0,1.0,0.022859037521696598,1.0,0.46948160535117056,5.013604124445649
18,proxy_hard,0.01763765567030844,1,0.0,0.0,0.0,0.0,1.0,0.021816904921069517,1.0,0.9882943143812709,4.533222907564424
18,proxy_rejected_stratified_diverse,0.01763765567030844,1,0.0,0.0,0.0017373012296435161,0.0,1.0,0.015900354440664923,1.0,0.5,5.17589984401619
18,random_final_population,0.01763765567030844,1,0.0,0.0,0.0017373012296435161,0.0,1.0,0.015900354440664923,1.0,0.45944816053511706,4.421429703017862
19,action_diverse,0.11891880012598152,0,0.0,0.0,0.004406540188444941,0.0,0.0,0.11451225993753658,1.0,0.25292642140468224,6.125631614684012
19,proxy_hard,0.11891880012598152,0,0.0,0.0,0.004446276349669417,0.0,0.0,0.1144725237763121,1.0,0.9882943143812709,4.655799896312249
19,proxy_rejected_stratified_diverse,0.11891880012598152,0,0.0,0.0,0.004038077257293174,0.0,0.0,0.11488072286868835,1.0,0.5091973244147158,7.234888876921277
19,random_final_population,0.11891880012598152,0,0.0,0.0,0.0028251915933193844,0.0,0.0,0.11609360853266214,1.0,0.375,5.529285791210634
20,action_diverse,0.16738751665212911,0,1.0,0.05950825638359447,0.05950825638359447,0.0,0.0,0.10787926026853464,1.0,0.6785117056856187,5.148596103301374
20,proxy_hard,0.16738751665212911,0,1.0,0.04054387968488071,0.04054387968488071,0.0,0.0,0.1268436369672484,1.0,0.9882943143812709,4.663718789278595
20,proxy_rejected_stratified_diverse,0.16738751665212911,0,1.0,0.05950825638359447,0.05950825638359447,0.0,0.0,0.10787926026853464,1.0,0.5079431438127091,5.293370138666206
20,random_final_population,0.16738751665212911,0,1.0,0.04537200596382754,0.04537200596382754,0.0,0.0,0.12201551068830158,1.0,0.3754180602006689,4.42234730753748
21,action_diverse,4.2476623230728494e-14,1,0.0,0.0,0.0,0.0,1.0,4.2476623230728494e-14,1.0,0.5196488294314381,6.572239870453934
21,proxy_hard,4.2476623230728494e-14,1,0.0,0.0,0.0,0.0,1.0,4.2476623230728494e-14,1.0,0.9882943143812709,5.613361255746177
21,proxy_rejected_stratified_diverse,4.2476623230728494e-14,1,0.0,0.0,0.0,0.0,1.0,4.2476623230728494e-14,1.0,0.5066889632107023,7.37339167873189
21,random_final_population,4.2476623230728494e-14,1,0.0,0.0,0.0,0.0,1.0,4.2476623230728494e-14,1.0,0.6475752508361203,4.92965503808303
22,action_diverse,0.0,1,0.0,0.0,0.0,0.0,1.0,0.0,1.0,0.548076923076923,6.734877877896802
22,proxy_hard,0.0,1,0.0,0.0,0.0,0.0,1.0,0.0,1.0,0.9882943143812709,4.860666875792534
22,proxy_rejected_stratified_diverse,0.0,1,0.0,0.0,0.0,0.0,1.0,0.0,1.0,0.4820234113712375,6.992734380753449
22,random_final_population,0.0,1,0.0,0.0,0.0,0.0,1.0,0.0,1.0,0.49958193979933113,4.949323292895173
23,action_diverse,0.03611903531026739,1,1.0,0.02167465473096574,0.02167465473096574,0.0,1.0,0.01444438057930165,1.0,0.617056856187291,6.7038133257479995
23,proxy_hard,0.03611903531026739,1,0.0,0.0,0.012779524893081446,0.0,1.0,0.023339510417185943,1.0,0.9882943143812709,5.439833864140963
23,proxy_rejected_stratified_diverse,0.03611903531026739,1,0.0,0.0,0.011854863059384123,0.0,1.0,0.024264172250883266,1.0,0.5062709030100334,6.817346069733584
23,random_final_population,0.03611903531026739,1,0.0,0.0,0.004619775016368267,0.0,1.0,0.03149926029389912,1.0,0.6321070234113713,5.331746546550606
24,action_diverse,0.21289218588335695,0,1.0,0.18004531673254526,0.18004531673254526,1.0,1.0,0.03284686915081171,1.0,0.5535117056856187,5.712330887455721
24,proxy_hard,0.21289218588335695,0,0.0,0.0,0.00019609840222781227,0.0,0.0,0.21269608748112914,1.0,0.9882943143812709,4.523948361008662
24,proxy_rejected_stratified_diverse,0.21289218588335695,0,0.0,0.0,0.0008175080412742564,0.0,0.0,0.2120746778420827,1.0,0.5104515050167224,6.099387338199666
24,random_final_population,0.21289218588335695,0,0.0,0.0,0.0005622372407513565,0.0,0.0,0.2123299486426056,1.0,0.40259197324414714,4.858428631139651
25,action_diverse,0.20126531000306036,0,1.0,0.03864993340439779,0.03864993340439779,0.0,0.0,0.16261537659866257,1.0,0.6153846153846154,7.304582900205155
25,proxy_hard,0.20126531000306036,0,1.0,0.09271634907753841,0.09271634907753841,0.0,0.0,0.10854896092552195,1.0,0.9882943143812709,5.799531378104706
25,proxy_rejected_stratified_diverse,0.20126531000306036,0,1.0,0.03677506563515234,0.03677506563515234,0.0,0.0,0.16449024436790802,1.0,0.5096153846153846,8.185169627402928
25,random_final_population,0.20126531000306036,0,0.0,0.0,0.001950783217121721,0.0,0.0,0.19931452678593864,1.0,0.3432274247491639,5.969297216351553
26,action_diverse,0.21828264751319348,0,0.0,0.0,0.0,0.0,0.0,0.21828264751319348,1.0,0.600752508361204,5.134263673306036
26,proxy_hard,0.21828264751319348,0,0.0,0.0,0.0,0.0,0.0,0.21828264751319348,1.0,0.9882943143812709,4.088544336622567
26,proxy_rejected_stratified_diverse,0.21828264751319348,0,0.0,0.0,0.0,0.0,0.0,0.21828264751319348,1.0,0.5091973244147157,5.410660273888169
26,random_final_population,0.21828264751319348,0,0.0,0.0,0.0,0.0,0.0,0.21828264751319348,1.0,0.49414715719063546,4.127518705613118
27,action_diverse,0.03719225321838281,1,0.0,0.0,0.01382392582027886,0.0,1.0,0.023368327398103954,1.0,0.6367056856187291,7.329748810039236
27,proxy_hard,0.03719225321838281,1,1.0,0.022215598296796868,0.022215598296796868,0.0,1.0,0.014976654921585947,1.0,0.9882943143812709,5.871110932039869
27,proxy_rejected_stratified_diverse,0.03719225321838281,1,0.0,0.0,0.013215703078970398,0.0,1.0,0.023976550139412415,1.0,0.5071070234113713,7.815761373795183
27,random_final_population,0.03719225321838281,1,0.0,0.0,0.01738351161794301,0.0,1.0,0.019808741600439803,1.0,0.5489130434782609,5.521066358789561
28,action_diverse,0.01906968044159148,1,0.0,0.0,0.009550267321416535,0.0,1.0,0.009519413120174946,1.0,0.5660535117056856,5.5926618997410245
28,proxy_hard,0.01906968044159148,1,0.0,0.0,0.004012448512687316,0.0,1.0,0.015057231928904164,1.0,0.9882943143812709,4.25540919072153
28,proxy_rejected_stratified_diverse,0.01906968044159148,1,0.0,0.0,0.0,0.0,1.0,0.019999666064411517,1.0,0.4974916387959866,6.0774211906764215
28,random_final_population,0.01906968044159148,1,0.0,0.0,0.0,0.0,1.0,0.026404984430250047,1.0,0.44314381270903014,4.525454455432575
29,action_diverse,0.0,1,0.0,0.0,0.0,0.0,1.0,0.0,1.0,0.7683946488294315,4.712028797716089
29,proxy_hard,0.0,1,0.0,0.0,0.0,0.0,1.0,0.0,1.0,0.9882943143812709,4.279821918514975
29,proxy_rejected_stratified_diverse,0.0,1,0.0,0.0,0.0,0.0,1.0,0.0,1.0,0.5204849498327759,4.89547890813866
29,random_final_population,0.0,1,0.0,0.0,0.0,0.0,1.0,0.0,1.0,0.3457357859531772,3.9050689154309253
30,action_diverse,0.009404411357707667,1,0.0,0.0,0.0,0.0,1.0,0.009404411357707667,1.0,0.7487458193979932,7.094768999071747
30,proxy_hard,0.009404411357707667,1,0.0,0.0,0.0,0.0,1.0,0.009404411357707667,1.0,0.9882943143812709,5.4851138568159765
30,proxy_rejected_stratified_diverse,0.009404411357707667,1,0.0,0.0,0.0,0.0,1.0,0.009404411357707667,1.0,0.5234113712374582,7.953129827594749
30,random_final_population,0.009404411357707667,1,0.0,0.0,0.0,0.0,1.0,0.009404411357707667,1.0,0.4331103678929766,5.197656786754911
31,action_diverse,0.0,1,0.0,0.0,0.0,0.0,1.0,0.0,1.0,0.4607023411371237,4.777716220545041
31,proxy_hard,0.0,1,0.0,0.0,0.0,0.0,1.0,0.0,1.0,0.9882943143812709,4.0304779038039635
31,proxy_rejected_stratified_diverse,0.0,1,0.0,0.0,0.0,0.0,1.0,0.0,1.0,0.4945652173913043,4.902884239922976
31,random_final_population,0.0,1,0.0,0.0,0.0,0.0,1.0,0.0,1.0,0.4122073578595318,3.828631453645898
32,action_diverse,0.19701826236800196,0,1.0,0.17515162339736248,0.17515162339736248,1.0,1.0,0.02186663897063947,1.0,0.3474080267558528,5.537841314234857
32,proxy_hard,0.19701826236800196,0,1.0,0.17305925111252474,0.17305925111252474,1.0,1.0,0.02395901125547724,1.0,0.9882943143812709,4.709900922409278
32,proxy_rejected_stratified_diverse,0.19701826236800196,0,1.0,0.18138309166096928,0.18138309166096928,1.0,1.0,0.0156351707070327,1.0,0.5146321070234113,5.895397253204725
32,random_final_population,0.19701826236800196,0,1.0,0.18206303625095893,0.18206303625095893,1.0,1.0,0.014955226117043016,1.0,0.4088628762541806,4.749182051721364
33,action_diverse,0.24095027656588391,0,0.0,0.0,0.00877399062899567,0.0,0.0,0.23217628593688824,1.0,0.6404682274247492,5.9485738204219585
33,proxy_hard,0.24095027656588391,0,0.0,0.0,0.005941980469894054,0.0,0.0,0.23500829609598986,1.0,0.9882943143812709,4.933290268758364
33,proxy_rejected_stratified_diverse,0.24095027656588391,0,0.0,0.0,0.00877399062899567,0.0,0.0,0.23217628593688824,1.0,0.4736622073578595,6.11814381365634
33,random_final_population,0.24095027656588391,0,0.0,0.0,0.001948734881059816,0.0,0.0,0.2390015416848241,1.0,0.47951505016722407,4.738872900847387
34,action_diverse,0.0034209929913609424,1,0.0,0.0,0.0,0.0,1.0,0.003555435635170566,1.0,0.44314381270903014,6.350745798281185
34,proxy_hard,0.0034209929913609424,1,0.0,0.0,0.0005227957716447415,0.0,1.0,0.002898197219716201,1.0,0.9882943143812709,4.506494817814164
34,proxy_rejected_stratified_diverse,0.0034209929913609424,1,0.0,0.0,0.0,0.0,1.0,0.003593974803163725,1.0,0.4724080267558528,6.5531504989955005
34,random_final_population,0.0034209929913609424,1,0.0,0.0,0.00048320193183896184,0.0,1.0,0.0029377910595219806,1.0,0.4460702341137124,4.767371561204621
35,action_diverse,0.11750937377348888,0,1.0,0.032757827558624567,0.032757827558624567,0.0,0.0,0.08475154621486432,1.0,0.45861204013377926,6.604649155356444
35,proxy_hard,0.11750937377348888,0,0.0,0.0,0.005929247485555178,0.0,0.0,0.1115801262879337,1.0,0.9882943143812709,5.855697804422794
35,proxy_rejected_stratified_diverse,0.11750937377348888,0,0.0,0.0,0.0,0.0,0.0,0.13166850525076298,1.0,0.5062709030100334,7.215382615746249
35,random_final_population,0.11750937377348888,0,1.0,0.03863543331304989,0.03863543331304989,0.0,0.0,0.078873940460439,1.0,0.6542642140468227,5.465623781529782
36,action_diverse,8.673617379884035e-17,1,0.0,0.0,0.0,0.0,1.0,8.673617379884035e-17,1.0,0.5894648829431438,4.987220137121348
36,proxy_hard,8.673617379884035e-17,1,0.0,0.0,0.0,0.0,1.0,8.673617379884035e-17,1.0,0.9882943143812709,4.34049787592011
36,proxy_rejected_stratified_diverse,8.673617379884035e-17,1,0.0,0.0,0.0,0.0,1.0,8.673617379884035e-17,1.0,0.49080267558528423,5.216388266255835
36,random_final_population,8.673617379884035e-17,1,0.0,0.0,0.0,0.0,1.0,8.673617379884035e-17,1.0,0.5133779264214047,4.363498058865618
37,action_diverse,0.0,1,0.0,0.0,0.0,0.0,1.0,0.0,1.0,0.5351170568561873,5.227806916415466
37,proxy_hard,0.0,1,0.0,0.0,0.0,0.0,1.0,0.0,1.0,0.9882943143812709,4.452755045018261
37,proxy_rejected_stratified_diverse,0.0,1,0.0,0.0,0.0,0.0,1.0,0.0,1.0,0.5041806020066889,5.439552315732131
37,random_final_population,0.0,1,0.0,0.0,0.0,0.0,1.0,0.0,1.0,0.39715719063545146,4.251871938835665
38,action_diverse,0.2886324805570892,0,1.0,0.021036407530354295,0.021036407530354295,0.0,0.0,0.2675960730267349,1.0,0.47282608695652173,5.68039163711013
38,proxy_hard,0.2886324805570892,0,1.0,0.02637315288796599,0.02637315288796599,0.0,0.0,0.2622593276691232,1.0,0.9882943143812709,4.84606893661943
38,proxy_rejected_stratified_diverse,0.2886324805570892,0,0.0,0.0,0.015271258803071508,0.0,0.0,0.27336122175401767,1.0,0.4974916387959866,5.976402160664271
38,random_final_population,0.2886324805570892,0,0.0,0.0,0.01738318749551354,0.0,0.0,0.27124929306157564,1.0,0.44941471571906355,4.005805832380602
39,action_diverse,4.05709123375668e-14,1,0.0,0.0,0.0,0.0,1.0,4.05709123375668e-14,1.0,0.4866220735785953,5.942033539017839
39,proxy_hard,4.05709123375668e-14,1,0.0,0.0,0.0,0.0,1.0,4.05709123375668e-14,1.0,0.9882943143812709,4.90852746071452
39,proxy_rejected_stratified_diverse,4.05709123375668e-14,1,0.0,0.0,0.0,0.0,1.0,4.05709123375668e-14,1.0,0.5087792642140467,6.281939118751491
39,random_final_population,4.05709123375668e-14,1,0.0,0.0,0.0,0.0,1.0,4.05709123375668e-14,1.0,0.697324414715719,4.602787274219998
40,action_diverse,0.003312216530036669,1,0.0,0.0,0.0,0.0,1.0,0.003312216530036669,1.0,0.5351170568561873,4.4256649563242245
40,proxy_hard,0.003312216530036669,1,0.0,0.0,0.0,0.0,1.0,0.003312216530036669,1.0,0.9882943143812709,4.247400458882947
40,proxy_rejected_stratified_diverse,0.003312216530036669,1,0.0,0.0,0.0,0.0,1.0,0.003312216530036669,1.0,0.515886287625418,4.707400188642788
40,random_final_population,0.003312216530036669,1,0.0,0.0,0.0,0.0,1.0,0.003312216530036669,1.0,0.5484949832775919,3.8793535849219802
41,action_diverse,0.18525463615624302,0,0.0,0.0,0.0,0.0,0.0,0.18525463615624302,1.0,0.38001672240802675,5.86786188616472
41,proxy_hard,0.18525463615624302,0,0.0,0.0,0.0,0.0,0.0,0.18525463615624302,1.0,0.9882943143812709,4.921546091875498
41,proxy_rejected_stratified_diverse,0.18525463615624302,0,0.0,0.0,0.0,0.0,0.0,0.18525463615624302,1.0,0.49289297658862874,6.223178531288207
41,random_final_population,0.18525463615624302,0,0.0,0.0,0.0,0.0,0.0,0.18525463615624302,1.0,0.5104515050167224,4.812020092415555
42,action_diverse,0.19602207015021456,0,0.0,0.0,0.0,0.0,0.0,0.19602207015021456,1.0,0.44857859531772576,5.750295469429997
42,proxy_hard,0.19602207015021456,0,0.0,0.0,0.0,0.0,0.0,0.19602207015021456,1.0,0.9882943143812709,4.64458803777524
42,proxy_rejected_stratified_diverse,0.19602207015021456,0,0.0,0.0,0.0,0.0,0.0,0.19602207015021456,1.0,0.5008361204013378,6.065707160290083
42,random_final_population,0.19602207015021456,0,0.0,0.0,0.0,0.0,0.0,0.19602207015021456,1.0,0.5518394648829432,4.6404193114829715
43,action_diverse,0.11426965874228773,0,1.0,0.09324448497932987,0.09324448497932987,1.0,1.0,0.021025173762957854,1.0,0.689799331103679,5.2825935133861694
43,proxy_hard,0.11426965874228773,0,1.0,0.07714142481157849,0.07714142481157849,1.0,1.0,0.03712823393070925,1.0,0.9882943143812709,4.288837902246266
43,proxy_rejected_stratified_diverse,0.11426965874228773,0,1.0,0.09324448497932987,0.09324448497932987,1.0,1.0,0.021025173762957854,1.0,0.5075250836120402,5.38922083802796
43,random_final_population,0.11426965874228773,0,1.0,0.07670621780229891,0.07670621780229891,1.0,1.0,0.037563440939988806,1.0,0.5556020066889631,4.098256186269517
44,action_diverse,0.32934690100553743,0,0.0,0.0,0.0,0.0,0.0,0.32934690100553743,1.0,0.48327759197324416,5.943153390955118
44,proxy_hard,0.32934690100553743,0,0.0,0.0,0.0,0.0,0.0,0.32934690100553743,1.0,0.9882943143812709,5.063730896212222
44,proxy_rejected_stratified_diverse,0.32934690100553743,0,0.0,0.0,0.0,0.0,0.0,0.32934690100553743,1.0,0.49790969899665555,6.006774225242204
44,random_final_population,0.32934690100553743,0,0.0,0.0,0.0,0.0,0.0,0.32934690100553743,1.0,0.5351170568561872,5.019058997309739
45,action_diverse,0.011680506976551716,1,0.0,0.0,0.0,0.0,1.0,0.011680506976551716,1.0,0.5133779264214047,5.622532947735328
45,proxy_hard,0.011680506976551716,1,0.0,0.0,0.0,0.0,1.0,0.011680506976551716,1.0,0.9882943143812709,4.414098034457753
45,proxy_rejected_stratified_diverse,0.011680506976551716,1,0.0,0.0,0.0,0.0,1.0,0.011680506976551716,1.0,0.4937290969899666,6.198347030689668
45,random_final_population,0.011680506976551716,1,0.0,0.0,0.0,0.0,1.0,0.011680506976551716,1.0,0.5526755852842808,4.470919065219409
46,action_diverse,0.030980347268067077,1,0.0,0.0,0.00502918750432154,0.0,1.0,0.025951159763745537,1.0,0.6086956521739131,5.057890315714566
46,proxy_hard,0.030980347268067077,1,0.0,0.0,0.0,0.0,1.0,0.03285070804948273,1.0,0.9882943143812709,4.270940878711777
46,proxy_rejected_stratified_diverse,0.030980347268067077,1,0.0,0.0,0.0008757294616770321,0.0,1.0,0.030104617806390045,1.0,0.5054347826086957,5.186612628239776
46,random_final_population,0.030980347268067077,1,0.0,0.0,0.005092803605441468,0.0,1.0,0.02588754366262561,1.0,0.410953177257525,4.018161693793184
47,action_diverse,0.12293272400113128,0,0.0,0.0,1.2719030821228827e-05,0.0,0.0,0.12292000497031005,1.0,0.5037625418060201,5.8741340829730815
47,proxy_hard,0.12293272400113128,0,0.0,0.0,1.2719030821228827e-05,0.0,0.0,0.12292000497031005,1.0,0.9882943143812709,4.851272128919705
47,proxy_rejected_stratified_diverse,0.12293272400113128,0,0.0,0.0,1.2719030821228827e-05,0.0,0.0,0.12292000497031005,1.0,0.5229933110367893,6.061231543963679
47,random_final_population,0.12293272400113128,0,0.0,0.0,0.0,0.0,0.0,0.12293272400113128,1.0,0.6404682274247492,4.6298388197232185
48,action_diverse,0.018476327048036714,1,0.0,0.0,0.0,0.0,1.0,0.02569479299606884,1.0,0.3833612040133779,7.171973904045186
48,proxy_hard,0.018476327048036714,1,0.0,0.0,0.0,0.0,1.0,0.0331646794771273,1.0,0.9882943143812709,5.566172105290466
48,proxy_rejected_stratified_diverse,0.018476327048036714,1,0.0,0.0,0.0,0.0,1.0,0.02562235720916806,1.0,0.4945652173913043,7.509986023036204
48,random_final_population,0.018476327048036714,1,0.0,0.0,0.0,0.0,1.0,0.02562235720916806,1.0,0.395066889632107,5.612445161695826
49,action_diverse,0.2845559517770149,0,0.0,0.0,0.01585502854852483,0.0,0.0,0.2687009232284901,1.0,0.6187290969899666,5.936588221539463
49,proxy_hard,0.2845559517770149,0,0.0,0.0,0.01585502854852483,0.0,0.0,0.2687009232284901,1.0,0.9882943143812709,4.605785889683352
49,proxy_rejected_stratified_diverse,0.2845559517770149,0,0.0,0.0,0.01585502854852483,0.0,0.0,0.2687009232284901,1.0,0.49540133779264217,6.2506004129893356
49,random_final_population,0.2845559517770149,0,0.0,0.0,0.01585502854852483,0.0,0.0,0.2687009232284901,1.0,0.44941471571906355,4.857919855249444
50,action_diverse,0.22520441979785036,0,1.0,0.1746445198872441,0.1746445198872441,0.0,0.0,0.05055989991060625,0.875,0.2947324414715719,7.515873393790088
50,proxy_hard,0.22520441979785036,0,1.0,0.16438895747037977,0.16438895747037977,0.0,0.0,0.06081546232747059,1.0,0.9882943143812709,6.110969716458909
50,proxy_rejected_stratified_diverse,0.22520441979785036,0,1.0,0.1871589950148525,0.1871589950148525,1.0,1.0,0.03804542478299787,1.0,0.5301003344481605,7.830797206638843
50,random_final_population,0.22520441979785036,0,1.0,0.1911339503930904,0.1911339503930904,1.0,1.0,0.034070469404759975,1.0,0.6630434782608696,5.294763687362313
51,action_diverse,0.3281631770747183,0,0.0,0.0,0.007782975822933802,0.0,0.0,0.3203802012517845,1.0,0.6772575250836119,6.02019700879397
51,proxy_hard,0.3281631770747183,0,0.0,0.0,0.0014362461969173457,0.0,0.0,0.32672693087780097,1.0,0.9882943143812709,5.153905995597056
51,proxy_rejected_stratified_diverse,0.3281631770747183,0,1.0,0.02925860742099512,0.02925860742099512,0.0,0.0,0.2989045696537232,1.0,0.5217391304347826,6.27616246617033
51,random_final_population,0.3281631770747183,0,0.0,0.0,0.010171913560295787,0.0,0.0,0.31799126351442253,1.0,0.38168896321070234,5.0436829698501455
52,action_diverse,0.16767949325642262,0,1.0,0.13055258922832572,0.13055258922832572,1.0,1.0,0.03712690402809691,1.0,0.5346989966555183,8.095228350431004
52,proxy_hard,0.16767949325642262,0,1.0,0.11263401999951617,0.11263401999951617,0.0,0.0,0.055045473256906445,1.0,0.9882943143812709,6.325230302115138
52,proxy_rejected_stratified_diverse,0.16767949325642262,0,1.0,0.14483010760907633,0.14483010760907633,1.0,1.0,0.022849385647346288,1.0,0.5087792642140468,8.471441683435014
52,random_final_population,0.16767949325642262,0,1.0,0.15682866577786214,0.15682866577786214,1.0,1.0,0.010850827478560478,1.0,0.4719899665551839,5.928194088460289
53,action_diverse,0.31067805845666313,0,0.0,0.0,0.005896394616092482,0.0,0.0,0.30478166384057065,1.0,0.4836956521739131,5.446696604816511
53,proxy_hard,0.31067805845666313,0,0.0,0.0,0.006509180187202368,0.0,0.0,0.30416887826946076,1.0,0.9882943143812709,4.247526016265543
53,proxy_rejected_stratified_diverse,0.31067805845666313,0,0.0,0.0,0.005896394616092482,0.0,0.0,0.30478166384057065,1.0,0.5016722408026756,5.519310916628973
53,random_final_population,0.31067805845666313,0,0.0,0.0,0.006509180187202368,0.0,0.0,0.30416887826946076,1.0,0.7675585284280937,4.655188686951565
54,action_diverse,0.036499344307224194,1,0.0,0.0,0.010277371583401768,0.0,1.0,0.026221972723822425,1.0,0.5392976588628762,8.931399302342252
54,proxy_hard,0.036499344307224194,1,0.0,0.0,0.001654375429561962,0.0,1.0,0.03484496887766223,1.0,0.9882943143812709,7.223182143802513
54,proxy_rejected_stratified_diverse,0.036499344307224194,1,0.0,0.0,0.004478889151008206,0.0,1.0,0.03202045515621599,1.0,0.5125418060200668,11.285396397816712
54,random_final_population,0.036499344307224194,1,0.0,0.0,0.007889946519556369,0.0,1.0,0.028609397787667825,1.0,0.5104515050167224,6.081736517772702
55,action_diverse,0.03799802655421823,1,0.0,0.0,0.011636559257765938,0.0,1.0,0.026361467296452293,1.0,0.5363712374581939,5.2664020385207255
55,proxy_hard,0.03799802655421823,1,0.0,0.0,0.006737507172470604,0.0,1.0,0.03126051938174763,1.0,0.9882943143812709,4.590316291983532
55,proxy_rejected_stratified_diverse,0.03799802655421823,1,0.0,0.0,0.010410159937590674,0.0,1.0,0.027587866616627557,1.0,0.5004180602006689,5.540771188469424
55,random_final_population,0.03799802655421823,1,0.0,0.0,0.01839819318553472,0.0,1.0,0.01959983336868351,1.0,0.5493311036789298,4.226664984380584
56,action_diverse,0.033458172753265306,1,0.0,0.0,0.008184856133964646,0.0,1.0,0.02527331661930066,1.0,0.524665551839465,6.401750041531568
56,proxy_hard,0.033458172753265306,1,0.0,0.0,0.009926348891978524,0.0,1.0,0.023531823861286782,1.0,0.9882943143812709,5.070450457101451
56,proxy_rejected_stratified_diverse,0.033458172753265306,1,0.0,0.0,0.006290992346160124,0.0,1.0,0.027167180407105182,1.0,0.5250836120401338,6.781388542120569
56,random_final_population,0.033458172753265306,1,0.0,0.0,0.0,0.0,1.0,0.035665152651929745,1.0,0.6789297658862876,4.304483100593178
57,action_diverse,0.10708544252881959,0,0.0,0.0,0.0,0.0,0.0,0.10708544252881959,1.0,0.5125418060200669,5.792517380537016
57,proxy_hard,0.10708544252881959,0,0.0,0.0,7.204454007780914e-05,0.0,0.0,0.10701339798874178,1.0,0.9882943143812709,4.967756192790081
57,proxy_rejected_stratified_diverse,0.10708544252881959,0,0.0,0.0,0.0,0.0,0.0,0.10708544252881959,1.0,0.4853678929765886,6.02194637541272
57,random_final_population,0.10708544252881959,0,0.0,0.0,0.0,0.0,0.0,0.10708544252881959,1.0,0.5861204013377926,4.803574884992109
58,action_diverse,1.1023779206351553e-11,1,0.0,0.0,0.0,0.0,1.0,1.1023779206351553e-11,1.0,0.48745819397993306,4.84596458378055
58,proxy_hard,1.1023779206351553e-11,1,0.0,0.0,0.0,0.0,1.0,1.1023779206351553e-11,1.0,0.9882943143812709,4.252532587412129
58,proxy_rejected_stratified_diverse,1.1023779206351553e-11,1,0.0,0.0,0.0,0.0,1.0,1.1023779206351553e-11,1.0,0.4866220735785953,4.973307911482523
58,random_final_population,1.1023779206351553e-11,1,0.0,0.0,0.0,0.0,1.0,1.1023779206351553e-11,1.0,0.7663043478260869,4.082544594673681
59,action_diverse,0.03590517212683709,1,0.0,0.0,0.007216436469397194,0.0,1.0,0.028688735657439894,1.0,0.7663043478260869,5.32256866263884
59,proxy_hard,0.03590517212683709,1,0.0,0.0,0.014237445518238235,0.0,1.0,0.021667726608598854,1.0,0.9882943143812709,4.57718430364558
59,proxy_rejected_stratified_diverse,0.03590517212683709,1,0.0,0.0,0.019709535518606578,0.0,1.0,0.01619563660823051,1.0,0.49707357859531776,5.405907120901903
59,random_final_population,0.03590517212683709,1,0.0,0.0,0.012915522744043686,0.0,1.0,0.022989649382793402,1.0,0.42474916387959866,4.259292319277598
60,action_diverse,0.020576653599365842,1,0.0,0.0,0.0013141529983724982,0.0,1.0,0.019262500600993344,1.0,0.5426421404682275,4.634846542623631
60,proxy_hard,0.020576653599365842,1,0.0,0.0,0.0007485050295751514,0.0,1.0,0.01982814856979069,1.0,0.9882943143812709,3.8078420615631674
60,proxy_rejected_stratified_diverse,0.020576653599365842,1,0.0,0.0,0.0009237314594154021,0.0,1.0,0.01965292213995044,1.0,0.5091973244147158,5.02892909953063
60,random_final_population,0.020576653599365842,1,0.0,0.0,1.966434317716287e-05,0.0,1.0,0.02055698925618868,1.0,0.5618729096989966,3.827553541874001
61,action_diverse,1.56959650669447e-07,1,0.0,0.0,0.0,0.0,1.0,1.56959650669447e-07,1.0,0.6567725752508362,6.469455740398984
61,proxy_hard,1.56959650669447e-07,1,0.0,0.0,0.0,0.0,1.0,1.56959650669447e-07,1.0,0.9882943143812709,5.144126314554041
61,proxy_rejected_stratified_diverse,1.56959650669447e-07,1,0.0,0.0,0.0,0.0,1.0,1.56959650669447e-07,1.0,0.4845317725752508,6.602134642748152
61,random_final_population,1.56959650669447e-07,1,0.0,0.0,0.0,0.0,1.0,1.56959650669447e-07,1.0,0.5284280936454849,5.02672994080383
62,action_diverse,0.03798649248871632,1,0.0,0.0,0.008871399726796163,0.0,1.0,0.029115092761920158,1.0,0.42851170568561875,5.952343850552437
62,proxy_hard,0.03798649248871632,1,0.0,0.0,0.008077702130646059,0.0,1.0,0.029908790358070262,1.0,0.9882943143812709,5.14231304451835
62,proxy_rejected_stratified_diverse,0.03798649248871632,1,0.0,0.0,0.008871399726796163,0.0,1.0,0.029115092761920158,1.0,0.5259197324414715,6.098860621899295
62,random_final_population,0.03798649248871632,1,0.0,0.0,0.005030335137989707,0.0,1.0,0.032956157350726614,1.0,0.3110367892976589,4.758805865434008
63,action_diverse,0.05171687025269908,0,0.0,0.0,0.0,0.0,0.0,0.05171687025269908,1.0,0.540133779264214,4.181844404114173
63,proxy_hard,0.05171687025269908,0,0.0,0.0,4.570709960143721e-05,0.0,0.0,0.051671163153097645,1.0,0.9882943143812709,3.55189618538765
63,proxy_rejected_stratified_diverse,0.05171687025269908,0,0.0,0.0,0.0,0.0,0.0,0.05171687025269908,1.0,0.5020903010033445,4.570652519896031
63,random_final_population,0.05171687025269908,0,0.0,0.0,0.0,0.0,0.0,0.05171687025269908,1.0,0.6680602006688963,3.3509394685874243
64,action_diverse,0.17393973244443445,0,1.0,0.15625951259742007,0.15625951259742007,1.0,1.0,0.017680219847014362,1.0,0.552257525083612,5.280576242328886
64,proxy_hard,0.17393973244443445,0,1.0,0.14346904452044856,0.14346904452044856,1.0,1.0,0.030470687923985884,1.0,0.9882943143812709,4.560582723111815
64,proxy_rejected_stratified_diverse,0.17393973244443445,0,1.0,0.15625951259742007,0.15625951259742007,1.0,1.0,0.017680219847014362,1.0,0.5171404682274248,5.577595615240456
64,random_final_population,0.17393973244443445,0,1.0,0.14263428151946658,0.14263428151946658,1.0,1.0,0.03130545092496786,1.0,0.3239966555183946,4.232699611206893
65,action_diverse,0.031782011001970444,1,0.0,0.0,0.0013254086318936417,0.0,1.0,0.030456602370076802,1.0,0.7240802675585285,5.915381316823957
65,proxy_hard,0.031782011001970444,1,0.0,0.0,0.0034930304393342125,0.0,1.0,0.02828898056263623,1.0,0.9882943143812709,4.8545610498660015
65,proxy_rejected_stratified_diverse,0.031782011001970444,1,0.0,0.0,0.0013254086318936417,0.0,1.0,0.030456602370076802,1.0,0.5163043478260869,6.173443961726758
65,random_final_population,0.031782011001970444,1,0.0,0.0,0.003385357697410777,0.0,1.0,0.028396653304559667,1.0,0.5200668896321071,4.753592892095935
66,action_diverse,0.0,1,0.0,0.0,0.0,0.0,1.0,0.0,1.0,0.41387959866220736,5.437807257526215
66,proxy_hard,0.0,1,0.0,0.0,0.0,0.0,1.0,0.0,1.0,0.9882943143812709,4.655437613030385
66,proxy_rejected_stratified_diverse,0.0,1,0.0,0.0,0.0,0.0,1.0,0.0,1.0,0.5100334448160535,5.836897201200418
66,random_final_population,0.0,1,0.0,0.0,0.0,0.0,1.0,0.0,1.0,0.3060200668896321,4.391358335099052
67,action_diverse,0.2764320581657678,0,0.0,0.0,0.017177202264882174,0.0,0.0,0.25925485590088565,1.0,0.4979096989966555,5.986055136901627
67,proxy_hard,0.2764320581657678,0,1.0,0.052444527486543074,0.052444527486543074,0.0,0.0,0.22398753067922475,1.0,0.9882943143812709,5.031977342957359
67,proxy_rejected_stratified_diverse,0.2764320581657678,0,0.0,0.0,0.0019197443152180194,0.0,0.0,0.2745123138505498,1.0,0.47993311036789293,6.284970270722152
67,random_final_population,0.2764320581657678,0,1.0,0.02424924358479985,0.02424924358479985,0.0,0.0,0.252182814580968,1.0,0.5668896321070234,4.953180758228056
68,action_diverse,1.184664752672609e-05,1,0.0,0.0,0.0,0.0,1.0,1.184664752672609e-05,1.0,0.5188127090301005,5.078660342088352
68,proxy_hard,1.184664752672609e-05,1,0.0,0.0,0.0,0.0,1.0,1.184664752672609e-05,1.0,0.9882943143812709,4.310898631475958
68,proxy_rejected_stratified_diverse,1.184664752672609e-05,1,0.0,0.0,0.0,0.0,1.0,1.184664752672609e-05,1.0,0.48787625418060193,5.425326857346852
68,random_final_population,1.184664752672609e-05,1,0.0,0.0,0.0,0.0,1.0,1.184664752672609e-05,1.0,0.4460702341137124,4.240116364429149
69,action_diverse,0.17447230814161582,0,1.0,0.0401672320822245,0.0401672320822245,0.0,0.0,0.13430507605939132,1.0,0.6500836120401339,6.774122311313853
69,proxy_hard,0.17447230814161582,0,1.0,0.04360607865609609,0.04360607865609609,0.0,0.0,0.13086622948551974,1.0,0.9882943143812709,5.761921201525802
69,proxy_rejected_stratified_diverse,0.17447230814161582,0,1.0,0.0401672320822245,0.0401672320822245,0.0,0.0,0.13430507605939132,1.0,0.5129598662207357,6.81616481232513
69,random_final_population,0.17447230814161582,0,1.0,0.03137441142782568,0.03137441142782568,0.0,0.0,0.14309789671379014,1.0,0.290133779264214,5.540878733202905
70,action_diverse,0.19265038592048134,0,0.0,0.0,0.00037686924977162195,0.0,0.0,0.19227351667070972,1.0,0.5468227424749164,6.2252231986354145
70,proxy_hard,0.19265038592048134,0,0.0,0.0,0.0003921987191375098,0.0,0.0,0.19225818720134383,1.0,0.9882943143812709,5.150179326765132
70,proxy_rejected_stratified_diverse,0.19265038592048134,0,0.0,0.0,0.00019848358358820484,0.0,0.0,0.19245190233689313,1.0,0.5217391304347827,6.247507379368626
70,random_final_population,0.19265038592048134,0,0.0,0.0,0.0,0.0,0.0,0.19265038592048134,1.0,0.6300167224080268,5.176128124897797
71,action_diverse,0.0,1,0.0,0.0,0.0,0.0,1.0,0.0,1.0,0.5175585284280937,5.521119712719228
71,proxy_hard,0.0,1,0.0,0.0,0.0,0.0,1.0,0.0,1.0,0.9882943143812709,4.341414730125365
71,proxy_rejected_stratified_diverse,0.0,1,0.0,0.0,0.0,0.0,1.0,0.0,1.0,0.483695652173913,6.257585760389366
71,random_final_population,0.0,1,0.0,0.0,0.0,0.0,1.0,0.0,1.0,0.6024247491638797,4.456398368447829
72,action_diverse,0.2734802563869442,0,1.0,0.23831934906567898,0.23831934906567898,1.0,1.0,0.035160907321265214,1.0,0.4498327759197324,5.62298421484932
72,proxy_hard,0.2734802563869442,0,1.0,0.23773471368577423,0.23773471368577423,1.0,1.0,0.03574554270116994,1.0,0.9882943143812709,4.586078890878515
72,proxy_rejected_stratified_diverse,0.2734802563869442,0,1.0,0.23848187318723502,0.23848187318723502,1.0,1.0,0.034998383199709174,1.0,0.5,6.184168421770176
72,random_final_population,0.2734802563869442,0,1.0,0.24694455787671016,0.24694455787671016,1.0,1.0,0.026535698510234018,1.0,0.2826086956521739,4.811655547822051
73,action_diverse,0.06553050719506022,0,1.0,0.025949947087235026,0.025949947087235026,1.0,1.0,0.039580560107825194,1.0,0.6881270903010033,6.51090270977998
73,proxy_hard,0.06553050719506022,0,1.0,0.03002717662288771,0.03002717662288771,1.0,1.0,0.03550333057217251,1.0,0.9882943143812709,4.919674205967621
73,proxy_rejected_stratified_diverse,0.06553050719506022,0,0.0,0.0,0.0037468712609324273,0.0,0.0,0.06178363593412779,1.0,0.532190635451505,7.2736967555575065
73,random_final_population,0.06553050719506022,0,1.0,0.028846387955316452,0.028846387955316452,1.0,1.0,0.03668411923974377,1.0,0.5179765886287626,5.1196203050446565
74,action_diverse,0.03938473325923656,1,0.0,0.0,0.01829491196848298,0.0,1.0,0.021089821290753583,1.0,0.5928093645484951,5.633632942678741
74,proxy_hard,0.03938473325923656,1,1.0,0.021596146477692348,0.021596146477692348,0.0,1.0,0.017788586781544213,1.0,0.9882943143812709,4.383169402473229
74,proxy_rejected_stratified_diverse,0.03938473325923656,1,1.0,0.020952412432871312,0.020952412432871312,0.0,1.0,0.01843232082636525,1.0,0.5025083612040133,5.942714824491557
74,random_final_population,0.03938473325923656,1,0.0,0.0,0.008558873714944234,0.0,1.0,0.030825859544292327,1.0,0.5505852842809364,4.798427613654437
75,action_diverse,0.0,1,0.0,0.0,0.0,0.0,1.0,0.0,1.0,0.7437290969899666,4.989065732978665
75,proxy_hard,0.0,1,0.0,0.0,0.0,0.0,1.0,0.0,1.0,0.9882943143812709,4.223663404131187
75,proxy_rejected_stratified_diverse,0.0,1,0.0,0.0,0.0,0.0,1.0,0.0,1.0,0.504180602006689,5.397360820024831
75,random_final_population,0.0,1,0.0,0.0,0.0,0.0,1.0,0.0,1.0,0.5163043478260869,4.280471592017802
76,action_diverse,0.006338660908334985,1,0.0,0.0,0.0,0.0,1.0,0.006338660908334985,1.0,0.3081103678929766,4.993484299311883
76,proxy_hard,0.006338660908334985,1,0.0,0.0,0.0,0.0,1.0,0.006338660908334985,1.0,0.9882943143812709,4.115373314350805
76,proxy_rejected_stratified_diverse,0.006338660908334985,1,0.0,0.0,0.0,0.0,1.0,0.006338660908334985,1.0,0.4857859531772576,5.11223165150837
76,random_final_population,0.006338660908334985,1,0.0,0.0,0.0,0.0,1.0,0.006338660908334985,1.0,0.5317725752508361,3.921284737647544
77,action_diverse,0.19722674980330504,0,1.0,0.0596168855512447,0.0596168855512447,0.0,0.0,0.13760986425206034,1.0,0.5639632107023411,8.664049061358842
77,proxy_hard,0.19722674980330504,0,0.0,0.0,0.0,0.0,0.0,0.2007847359887522,1.0,0.9882943143812709,8.250787362819175
77,proxy_rejected_stratified_diverse,0.19722674980330504,0,1.0,0.0596168855512447,0.0596168855512447,0.0,0.0,0.13760986425206034,1.0,0.5150501672240803,10.634809628994262
77,random_final_population,0.19722674980330504,0,0.0,0.0,0.01846400114949706,0.0,0.0,0.17876274865380798,1.0,0.548913043478261,6.173171401470043
78,action_diverse,0.12516312451975697,0,1.0,0.09454293927969035,0.09454293927969035,1.0,1.0,0.030620185240066627,1.0,0.44314381270903014,5.825381799299519
78,proxy_hard,0.12516312451975697,0,1.0,0.061800331309758746,0.061800331309758746,0.0,0.0,0.06336279320999823,1.0,0.9882943143812709,4.772190709280391
78,proxy_rejected_stratified_diverse,0.12516312451975697,0,1.0,0.0926512837721234,0.0926512837721234,1.0,1.0,0.03251184074763359,1.0,0.504180602006689,5.686720084162759
78,random_final_population,0.12516312451975697,0,1.0,0.08983689188481292,0.08983689188481292,1.0,1.0,0.035326232634944055,1.0,0.4866220735785953,4.597863073556735
79,action_diverse,0.021001502841972136,1,0.0,0.0,0.008519479756309033,0.0,1.0,0.012482023085663103,1.0,0.7123745819397993,4.835084858650319
79,proxy_hard,0.021001502841972136,1,0.0,0.0,0.016664699454649406,0.0,1.0,0.00433680338732273,1.0,0.9882943143812709,4.097768641150367
79,proxy_rejected_stratified_diverse,0.021001502841972136,1,0.0,0.0,0.01378025722534487,0.0,1.0,0.007221245616627266,1.0,0.49707357859531776,5.508558824532914
79,random_final_population,0.021001502841972136,1,0.0,0.0,0.010472796300131974,0.0,1.0,0.010528706541840162,1.0,0.7483277591973245,3.835674820781613
80,action_diverse,0.039552353038905794,1,0.0,0.0,0.006201321473663368,0.0,1.0,0.033351031565242426,1.0,0.5522575250836121,6.176600665002127
80,proxy_hard,0.039552353038905794,1,0.0,0.0,0.003566338637923251,0.0,1.0,0.03598601440098254,1.0,0.9882943143812709,5.105382577825681
80,proxy_rejected_stratified_diverse,0.039552353038905794,1,0.0,0.0,0.005295066734858106,0.0,1.0,0.03425728630404769,1.0,0.4916387959866221,6.961300363466886
80,random_final_population,0.039552353038905794,1,0.0,0.0,0.009492139807030866,0.0,1.0,0.030060213231874928,1.0,0.6421404682274248,5.07641252501187
81,action_diverse,0.01906240939585596,1,0.0,0.0,0.0024629577586315066,0.0,1.0,0.016599451637224455,1.0,0.5639632107023411,4.905738282802476
81,proxy_hard,0.01906240939585596,1,0.0,0.0,0.001695274621492323,0.0,1.0,0.01736713477436364,1.0,0.9882943143812709,4.347217178750817
81,proxy_rejected_stratified_diverse,0.01906240939585596,1,0.0,0.0,0.0016333385742308797,0.0,1.0,0.017429070821625082,1.0,0.49623745819397996,5.093925067188465
81,random_final_population,0.01906240939585596,1,0.0,0.0,0.0020087290778350447,0.0,1.0,0.017053680318020917,0.875,0.47993311036789293,3.718811455659274
82,action_diverse,0.038003111337210245,1,0.0,0.0,0.00793572709939653,0.0,1.0,0.030067384237813716,1.0,0.5305183946488294,8.391095125920856
82,proxy_hard,0.038003111337210245,1,0.0,0.0,0.017482580696718732,0.0,1.0,0.020520530640491513,1.0,0.9882943143812709,6.755294031823402
82,proxy_rejected_stratified_diverse,0.038003111337210245,1,0.0,0.0,0.01335254348687931,0.0,1.0,0.024650567850330936,1.0,0.5133779264214047,10.296259878691401
82,random_final_population,0.038003111337210245,1,0.0,0.0,0.01168297494414387,0.0,1.0,0.026320136393066376,0.875,0.487876254180602,4.524126997939572
83,action_diverse,5.204170427930421e-17,1,0.0,0.0,0.0,0.0,1.0,5.204170427930421e-17,1.0,0.6032608695652174,5.427484620144938
83,proxy_hard,5.204170427930421e-17,1,0.0,0.0,0.0,0.0,1.0,5.204170427930421e-17,1.0,0.9882943143812709,4.727052799334546
83,proxy_rejected_stratified_diverse,5.204170427930421e-17,1,0.0,0.0,0.0,0.0,1.0,5.204170427930421e-17,1.0,0.5033444816053512,5.610062931138608
83,random_final_population,5.204170427930421e-17,1,0.0,0.0,0.0,0.0,1.0,5.204170427930421e-17,1.0,0.35284280936454854,4.5217283915660555
84,action_diverse,0.024514113627108314,1,0.0,0.0,0.013551568811080633,0.0,1.0,0.01096254481602768,1.0,0.5472408026755853,6.612667292516438
84,proxy_hard,0.024514113627108314,1,0.0,0.0,0.003337970946921568,0.0,1.0,0.021176142680186746,1.0,0.9882943143812709,4.785775499643316
84,proxy_rejected_stratified_diverse,0.024514113627108314,1,0.0,0.0,0.013551568811080633,0.0,1.0,0.01096254481602768,1.0,0.48578595317725753,8.179512780640993
84,random_final_population,0.024514113627108314,1,0.0,0.0,0.0031353744769731934,0.0,1.0,0.02137873915013512,1.0,0.3210702341137124,5.023144919463296
85,action_diverse,0.23199502695012486,0,1.0,0.18418604178794618,0.18418604178794618,0.0,0.0,0.04780898516217867,1.0,0.4761705685618729,5.487486967612597
85,proxy_hard,0.23199502695012486,0,1.0,0.18418604178794618,0.18418604178794618,0.0,0.0,0.04780898516217867,1.0,0.9882943143812709,4.967615912621737
85,proxy_rejected_stratified_diverse,0.23199502695012486,0,1.0,0.18418604178794618,0.18418604178794618,0.0,0.0,0.04780898516217867,1.0,0.483695652173913,5.753645279037016
85,random_final_population,0.23199502695012486,0,0.0,0.0,0.003484482592069321,0.0,0.0,0.22851054435805554,1.0,0.604933110367893,4.521699280593989
86,action_diverse,0.3043199044087031,0,1.0,0.276799216153807,0.276799216153807,1.0,1.0,0.027520688254896116,1.0,0.5029264214046822,5.687217597803183
86,proxy_hard,0.3043199044087031,0,0.0,0.0,0.0004890987908976463,0.0,0.0,0.30383080561780546,1.0,0.9882943143812709,4.473749801568342
86,proxy_rejected_stratified_diverse,0.3043199044087031,0,1.0,0.26610525174848976,0.26610525174848976,1.0,1.0,0.038214652660213365,1.0,0.48035117056856186,5.885308648615835
86,random_final_population,0.3043199044087031,0,0.0,0.0,0.0008411508661470557,0.0,0.0,0.30347875354255605,1.0,0.3390468227424749,4.688102656622766
87,action_diverse,0.0,1,0.0,0.0,0.0,0.0,1.0,0.0,1.0,0.5016722408026756,4.623554572241739
87,proxy_hard,0.0,1,0.0,0.0,0.0,0.0,1.0,0.0,1.0,0.9882943143812709,4.032726888090437
87,proxy_rejected_stratified_diverse,0.0,1,0.0,0.0,0.0,0.0,1.0,0.0,1.0,0.5204849498327759,5.036484053619263
87,random_final_population,0.0,1,0.0,0.0,0.0,0.0,1.0,0.0,1.0,0.4188963210702341,4.189515118530945
88,action_diverse,0.002394802715415425,1,0.0,0.0,0.0,0.0,1.0,0.002394802715415425,1.0,0.5610367892976589,5.002733552231295
88,proxy_hard,0.002394802715415425,1,0.0,0.0,0.0,0.0,1.0,0.002394802715415425,1.0,0.9882943143812709,4.30994765032073
88,proxy_rejected_stratified_diverse,0.002394802715415425,1,0.0,0.0,0.0,0.0,1.0,0.002394802715415425,1.0,0.5167224080267558,5.262924148608938
88,random_final_population,0.002394802715415425,1,0.0,0.0,0.0,0.0,1.0,0.002394802715415425,1.0,0.5213210702341137,4.161605782908582
89,action_diverse,0.026224368938856282,1,0.0,0.0,0.01477458443265519,0.0,1.0,0.011449784506201093,1.0,0.5656354515050167,5.091578385401712
89,proxy_hard,0.026224368938856282,1,0.0,0.0,0.008781518158954019,0.0,1.0,0.017442850779902264,1.0,0.9882943143812709,4.2324175459458555
89,proxy_rejected_stratified_diverse,0.026224368938856282,1,0.0,0.0,0.01477458443265519,0.0,1.0,0.011449784506201093,1.0,0.49581939799331104,5.330758719849129
89,random_final_population,0.026224368938856282,1,0.0,0.0,0.01477458443265519,0.0,1.0,0.011449784506201093,1.0,0.45025083612040134,4.11431585422921
90,action_diverse,0.1326984939766416,0,1.0,0.09978134012524201,0.09978134012524201,1.0,1.0,0.032917153851399594,1.0,0.6346153846153846,6.861296421078299
90,proxy_hard,0.1326984939766416,0,1.0,0.10255364414467717,0.10255364414467717,1.0,1.0,0.03014484983196443,1.0,0.9882943143812709,5.540342634916897
90,proxy_rejected_stratified_diverse,0.1326984939766416,0,1.0,0.09978134012524201,0.09978134012524201,1.0,1.0,0.032917153851399594,1.0,0.5029264214046822,7.690275692739174
90,random_final_population,0.1326984939766416,0,1.0,0.09785404995560262,0.09785404995560262,1.0,1.0,0.034844444021038985,1.0,0.3373745819397993,5.080811821457976
91,action_diverse,0.22276586054264502,0,1.0,0.16793125729520908,0.16793125729520908,0.0,0.0,0.054834603247435935,1.0,0.5744147157190636,5.8627595054789365
91,proxy_hard,0.22276586054264502,0,1.0,0.1962254769099314,0.1962254769099314,1.0,1.0,0.026540383632713625,1.0,0.9882943143812709,4.9606892971296475
91,proxy_rejected_stratified_diverse,0.22276586054264502,0,1.0,0.20407302797408933,0.20407302797408933,1.0,1.0,0.018692832568555695,1.0,0.5163043478260869,6.11481784088982
91,random_final_population,0.22276586054264502,0,0.0,0.0,0.0,0.0,0.0,0.2228145736887127,1.0,0.39924749163879597,4.590201680338943
92,action_diverse,0.02456770712357708,1,0.0,0.0,0.00012763789868157696,0.0,1.0,0.024440069224895503,1.0,0.46195652173913043,5.520905858673342
92,proxy_hard,0.02456770712357708,1,0.0,0.0,0.0037033670508468917,0.0,1.0,0.02086434007273019,1.0,0.9882943143812709,4.502123741070363
92,proxy_rejected_stratified_diverse,0.02456770712357708,1,0.0,0.0,0.005605217035546676,0.0,1.0,0.018962490088030404,1.0,0.5062709030100334,6.133009958569902
92,random_final_population,0.02456770712357708,1,0.0,0.0,0.0024563573202043866,0.0,1.0,0.022111349803372694,1.0,0.6262541806020068,4.074613266098031
93,action_diverse,0.021779859482807275,1,0.0,0.0,0.009115713370357948,0.0,1.0,0.012664146112449327,1.0,0.5844481605351171,4.370518182890574
93,proxy_hard,0.021779859482807275,1,0.0,0.0,0.0034598423170143153,0.0,1.0,0.01832001716579296,1.0,0.9882943143812709,3.9086487824295117
93,proxy_rejected_stratified_diverse,0.021779859482807275,1,0.0,0.0,0.00278326960759491,0.0,1.0,0.018996589875212366,1.0,0.5050167224080268,4.531131239248982
93,random_final_population,0.021779859482807275,1,0.0,0.0,0.004136973334457138,0.0,1.0,0.017642886148350138,1.0,0.3883779264214047,3.7694965451057376
94,action_diverse,0.0036535118706275305,1,0.0,0.0,0.0,0.0,1.0,0.0036535118706275305,1.0,0.5781772575250836,5.30185227518275
94,proxy_hard,0.0036535118706275305,1,0.0,0.0,0.0,0.0,1.0,0.0036535118706275305,1.0,0.9882943143812709,4.041202087585866
94,proxy_rejected_stratified_diverse,0.0036535118706275305,1,0.0,0.0,0.0,0.0,1.0,0.0036535118706275305,1.0,0.48494983277591974,5.528790363313681
94,random_final_population,0.0036535118706275305,1,0.0,0.0,0.0,0.0,1.0,0.0036535118706275305,1.0,0.31605351170568563,4.0733807764083085
95,action_diverse,0.291089179291413,0,0.0,0.0,0.0,0.0,0.0,0.291089179291413,1.0,0.44356187290969895,6.131445410165367
95,proxy_hard,0.291089179291413,0,0.0,0.0,0.0,0.0,0.0,0.291089179291413,1.0,0.9882943143812709,4.750641084582356
95,proxy_rejected_stratified_diverse,0.291089179291413,0,0.0,0.0,0.0,0.0,0.0,0.291089179291413,1.0,0.5037625418060201,6.384545479614619
95,random_final_population,0.291089179291413,0,0.0,0.0,0.0,0.0,0.0,0.291089179291413,1.0,0.5710702341137124,5.08751457740438
96,action_diverse,4.061950370260365e-08,1,0.0,0.0,0.0,0.0,1.0,4.061950370260365e-08,1.0,0.6187290969899666,7.38430844605668
96,proxy_hard,4.061950370260365e-08,1,0.0,0.0,0.0,0.0,1.0,4.061950370260365e-08,1.0,0.9882943143812709,5.480924812030746
96,proxy_rejected_stratified_diverse,4.061950370260365e-08,1,0.0,0.0,0.0,0.0,1.0,4.061950370260365e-08,1.0,0.5016722408026756,9.039447806751028
96,random_final_population,4.061950370260365e-08,1,0.0,0.0,0.0,0.0,1.0,4.061950370260365e-08,1.0,0.38963210702341133,5.03177191627073
97,action_diverse,0.028191116557172057,1,0.0,0.0,0.002213376285907013,0.0,1.0,0.025977740271265044,1.0,0.40802675585284276,4.981272731605197
97,proxy_hard,0.028191116557172057,1,0.0,0.0,0.0026552670441891586,0.0,1.0,0.0255358495129829,1.0,0.9882943143812709,4.165253268998491
97,proxy_rejected_stratified_diverse,0.028191116557172057,1,0.0,0.0,0.002740873882704758,0.0,1.0,0.0254502426744673,1.0,0.5167224080267558,5.1648602049550725
97,random_final_population,0.028191116557172057,1,0.0,0.0,0.00438779549344466,0.0,1.0,0.023803321063727397,1.0,0.4076086956521739,4.131072370054188
98,action_diverse,7.659094113525185e-12,1,0.0,0.0,0.0,0.0,1.0,7.659094113525185e-12,1.0,0.48285953177257523,4.614021573319313
98,proxy_hard,7.659094113525185e-12,1,0.0,0.0,0.0,0.0,1.0,7.659094113525185e-12,1.0,0.9882943143812709,3.9733472952694493
98,proxy_rejected_stratified_diverse,7.659094113525185e-12,1,0.0,0.0,0.0,0.0,1.0,7.659094113525185e-12,1.0,0.483695652173913,4.78264841776874
98,random_final_population,7.659094113525185e-12,1,0.0,0.0,0.0,0.0,1.0,7.659094113525185e-12,1.0,0.5301003344481605,3.7175845484192935
99,action_diverse,0.06892337592760309,0,0.0,0.0,0.0,0.0,0.0,0.06892337592760309,1.0,0.5209030100334447,5.080002511632719
99,proxy_hard,0.06892337592760309,0,0.0,0.0,0.0,0.0,0.0,0.06892337592760309,1.0,0.9882943143812709,4.147117124064988
99,proxy_rejected_stratified_diverse,0.06892337592760309,0,0.0,0.0,0.0,0.0,0.0,0.06892337592760309,1.0,0.49581939799331104,5.338260676956232
99,random_final_population,0.06892337592760309,0,0.0,0.0,0.0,0.0,0.0,0.06892337592760309,1.0,0.5760869565217392,3.9122536221974706
100,action_diverse,0.03175788391283924,1,0.0,0.0,0.007097447084251397,0.0,1.0,0.024660436828587845,1.0,0.4301839464882943,5.1005291796139955
100,proxy_hard,0.03175788391283924,1,0.0,0.0,0.0008896381140320667,0.0,1.0,0.030868245798807176,1.0,0.9882943143812709,4.471216272726777
100,proxy_rejected_stratified_diverse,0.03175788391283924,1,0.0,0.0,0.009232193870268492,0.0,1.0,0.02252569004257075,1.0,0.5033444816053512,5.385789335415206
100,random_final_population,0.03175788391283924,1,0.0,0.0,0.014304557817092337,0.0,1.0,0.017453326095746905,1.0,0.43520066889632103,4.331265600703439
101,action_diverse,0.20153738103643284,0,1.0,0.18725800209434035,0.18725800209434035,1.0,1.0,0.014279378942092495,1.0,0.5229933110367893,6.685536440982242
101,proxy_hard,0.20153738103643284,0,0.0,0.0,0.009086991723831206,0.0,0.0,0.19245038931260164,1.0,0.9882943143812709,6.11283708893525
101,proxy_rejected_stratified_diverse,0.20153738103643284,0,1.0,0.18725800209434035,0.18725800209434035,1.0,1.0,0.014279378942092495,1.0,0.5217391304347826,7.100145319511988
101,random_final_population,0.20153738103643284,0,1.0,0.18860676254822864,0.18860676254822864,1.0,1.0,0.0129306184882042,1.0,0.4845317725752508,5.454578644101755
102,action_diverse,0.017059103208795553,1,0.0,0.0,0.004449990935638559,0.0,1.0,0.012609112273156994,1.0,0.689799331103679,5.193709993439326
102,proxy_hard,0.017059103208795553,1,0.0,0.0,0.0,0.0,1.0,0.025208166014634922,1.0,0.9882943143812709,4.363841066636844
102,proxy_rejected_stratified_diverse,0.017059103208795553,1,0.0,0.0,0.004449990935638559,0.0,1.0,0.012609112273156994,1.0,0.5179765886287625,5.33292993436967
102,random_final_population,0.017059103208795553,1,0.0,0.0,0.006108274239032804,0.0,1.0,0.010950828969762749,1.0,0.5539297658862876,4.56760198617309
103,action_diverse,0.018720288484499144,1,0.0,0.0,0.0,0.0,1.0,0.022305818533355382,1.0,0.5296822742474916,5.622792944837097
103,proxy_hard,0.018720288484499144,1,0.0,0.0,0.0,0.0,1.0,0.03057555530832897,1.0,0.9882943143812709,4.380421451630842
103,proxy_rejected_stratified_diverse,0.018720288484499144,1,0.0,0.0,0.0,0.0,1.0,0.022305818533355382,1.0,0.4928929765886288,6.081987714178629
103,random_final_population,0.018720288484499144,1,0.0,0.0,0.0,0.0,1.0,0.022705625314875494,1.0,0.5785953177257525,4.64713000429999
104,action_diverse,3.469446951953614e-18,1,0.0,0.0,0.0,0.0,1.0,3.469446951953614e-18,1.0,0.6358695652173914,5.803157362749637
104,proxy_hard,3.469446951953614e-18,1,0.0,0.0,0.0,0.0,1.0,3.469446951953614e-18,1.0,0.9882943143812709,4.502604149325805
104,proxy_rejected_stratified_diverse,3.469446951953614e-18,1,0.0,0.0,0.0,0.0,1.0,3.469446951953614e-18,1.0,0.5037625418060201,5.974945932197737
104,random_final_population,3.469446951953614e-18,1,0.0,0.0,0.0,0.0,1.0,3.469446951953614e-18,1.0,0.43478260869565216,4.115143374739119
105,action_diverse,0.020637820173211634,1,0.0,0.0,0.013102137020764622,0.0,1.0,0.007535683152447011,1.0,0.68561872909699,4.875516270260791
105,proxy_hard,0.020637820173211634,1,0.0,0.0,0.013102137020764622,0.0,1.0,0.007535683152447011,1.0,0.9882943143812709,4.3319092481912325
105,proxy_rejected_stratified_diverse,0.020637820173211634,1,0.0,0.0,0.009186934801144119,0.0,1.0,0.011450885372067515,1.0,0.5062709030100334,4.889533563001839
105,random_final_population,0.020637820173211634,1,0.0,0.0,0.005851945559761571,0.0,1.0,0.014785874613450063,1.0,0.46488294314381273,3.9850981937082053
106,action_diverse,9.245016954603818e-08,1,0.0,0.0,0.0,0.0,1.0,9.245016954603818e-08,1.0,0.6872909698996655,5.569120798555231
106,proxy_hard,9.245016954603818e-08,1,0.0,0.0,0.0,0.0,1.0,9.245016954603818e-08,1.0,0.9882943143812709,4.678765260010672
106,proxy_rejected_stratified_diverse,9.245016954603818e-08,1,0.0,0.0,0.0,0.0,1.0,9.245016954603818e-08,1.0,0.48494983277591974,6.581603081881905
106,random_final_population,9.245016954603818e-08,1,0.0,0.0,0.0,0.0,1.0,9.245016954603818e-08,1.0,0.4565217391304348,5.22311579440316
107,action_diverse,0.24594367552193078,0,1.0,0.04779759075860429,0.04779759075860429,0.0,0.0,0.19814608476332649,0.875,0.4807692307692308,6.8733843124359
107,proxy_hard,0.24594367552193078,0,1.0,0.04664701387950715,0.04664701387950715,0.0,0.0,0.19929666164242363,1.0,0.9882943143812709,5.50850135366597
107,proxy_rejected_stratified_diverse,0.24594367552193078,0,1.0,0.04779759075860429,0.04779759075860429,0.0,0.0,0.19814608476332649,1.0,0.5096153846153846,7.670008549393686
107,random_final_population,0.24594367552193078,0,0.0,0.0,0.0,0.0,0.0,0.24674142778899932,1.0,0.3503344481605351,5.550129416355823
108,action_diverse,0.16033176026947035,0,1.0,0.13193511674903022,0.13193511674903022,1.0,1.0,0.02839664352044013,1.0,0.5413879598662207,7.255446149161727
108,proxy_hard,0.16033176026947035,0,0.0,0.0,0.0007412185124816284,0.0,0.0,0.15959054175698872,1.0,0.9882943143812709,5.383611162344092
108,proxy_rejected_stratified_diverse,0.16033176026947035,0,0.0,0.0,0.00025172255707428537,0.0,0.0,0.16008003771239607,1.0,0.5213210702341137,7.586279421038535
108,random_final_population,0.16033176026947035,0,0.0,0.0,0.0006664325856462761,0.0,0.0,0.15966532768382408,1.0,0.6199832775919732,5.4203274879024494
109,action_diverse,3.75241713942396e-12,1,0.0,0.0,0.0,0.0,1.0,3.75241713942396e-12,1.0,0.5597826086956522,5.221397947625637
109,proxy_hard,3.75241713942396e-12,1,0.0,0.0,0.0,0.0,1.0,3.75241713942396e-12,1.0,0.9882943143812709,4.591668292259169
109,proxy_rejected_stratified_diverse,3.75241713942396e-12,1,0.0,0.0,0.0,0.0,1.0,3.75241713942396e-12,1.0,0.5004180602006689,5.212436140628435
109,random_final_population,3.75241713942396e-12,1,0.0,0.0,0.0,0.0,1.0,3.75241713942396e-12,1.0,0.584866220735786,4.411144300724359
110,action_diverse,0.037944124094092396,1,0.0,0.0,0.016490088087957346,0.0,1.0,0.02145403600613505,1.0,0.604933110367893,5.999591200227376
110,proxy_hard,0.037944124094092396,1,0.0,0.0,0.0,0.0,1.0,0.039251295248094946,1.0,0.9882943143812709,4.824641587469005
110,proxy_rejected_stratified_diverse,0.037944124094092396,1,0.0,0.0,0.016490088087957346,0.0,1.0,0.02145403600613505,1.0,0.4937290969899666,7.153294267653942
110,random_final_population,0.037944124094092396,1,0.0,0.0,0.0,0.0,0.0,0.04746743188812233,1.0,0.5062709030100334,4.6492398880740655
111,action_diverse,0.0012301393865375263,1,0.0,0.0,0.0,0.0,1.0,0.0012301393865375263,1.0,0.5702341137123745,5.5843741254726424
111,proxy_hard,0.0012301393865375263,1,0.0,0.0,0.0,0.0,1.0,0.0012301393865375263,1.0,0.9882943143812709,4.045883795758489
111,proxy_rejected_stratified_diverse,0.0012301393865375263,1,0.0,0.0,0.0,0.0,1.0,0.0012301393865375263,1.0,0.4983277591973244,6.729489673761766
111,random_final_population,0.0012301393865375263,1,0.0,0.0,0.0,0.0,1.0,0.0012301393865375263,1.0,0.4205685618729097,4.632260123781538
112,action_diverse,0.0,1,0.0,0.0,0.0,0.0,1.0,0.0,1.0,0.6379598662207359,8.15471434171435
112,proxy_hard,0.0,1,0.0,0.0,0.0,0.0,1.0,0.0,1.0,0.9882943143812709,7.42075679392221
112,proxy_rejected_stratified_diverse,0.0,1,0.0,0.0,0.0,0.0,1.0,0.0,1.0,0.5192307692307692,9.627333016580469
112,random_final_population,0.0,1,0.0,0.0,0.0,0.0,1.0,0.0,1.0,0.47491638795986624,6.357458214345584
113,action_diverse,0.02421723356188594,1,0.0,0.0,0.005352167706978224,0.0,1.0,0.018865065854907714,1.0,0.5530936454849498,7.965581348812047
113,proxy_hard,0.02421723356188594,1,0.0,0.0,0.0,0.0,1.0,0.02443413596566289,1.0,0.9882943143812709,6.020417639807935
113,proxy_rejected_stratified_diverse,0.02421723356188594,1,0.0,0.0,0.0,0.0,1.0,0.03361953529121472,1.0,0.5012541806020067,8.503169290387905
113,random_final_population,0.02421723356188594,1,0.0,0.0,0.005316412599190492,0.0,1.0,0.018900820962695446,1.0,0.3382107023411371,6.014703774489879
114,action_diverse,0.013545982681902696,1,0.0,0.0,0.0,0.0,1.0,0.014064926735994042,1.0,0.7529264214046822,6.1924818588235215
114,proxy_hard,0.013545982681902696,1,0.0,0.0,0.0047362156015729965,0.0,1.0,0.008809767080329699,1.0,0.9882943143812709,5.125093331357354
114,proxy_rejected_stratified_diverse,0.013545982681902696,1,0.0,0.0,0.007659600806318777,0.0,1.0,0.005886381875583918,1.0,0.4866220735785953,7.1377436328244155
114,random_final_population,0.013545982681902696,1,0.0,0.0,0.0028181324616777213,0.0,1.0,0.010727850220224974,1.0,0.5204849498327759,4.47675223512081
115,action_diverse,0.3853334391553564,0,1.0,0.04055891439127257,0.04055891439127257,0.0,0.0,0.3447745247640838,1.0,0.5476588628762541,5.283297399439237
115,proxy_hard,0.3853334391553564,0,1.0,0.02886011086733159,0.02886011086733159,0.0,0.0,0.3564733282880248,1.0,0.9882943143812709,4.9059927617442485
115,proxy_rejected_stratified_diverse,0.3853334391553564,0,1.0,0.04932287277802838,0.04932287277802838,0.0,0.0,0.336010566377328,1.0,0.49958193979933113,5.607264988922623
115,random_final_population,0.3853334391553564,0,1.0,0.02455686596811163,0.02455686596811163,0.0,0.0,0.36077657318724476,1.0,0.3729096989966555,4.4997718827431905
116,action_diverse,0.028864610821385916,1,0.0,0.0,0.009532384300255846,0.0,1.0,0.01933222652113007,1.0,0.6475752508361203,5.675092584974362
116,proxy_hard,0.028864610821385916,1,0.0,0.0,0.01357868341896683,0.0,1.0,0.015285927402419087,1.0,0.9882943143812709,4.85524364376759
116,proxy_rejected_stratified_diverse,0.028864610821385916,1,0.0,0.0,0.017920794678131305,0.0,1.0,0.01094381614325461,1.0,0.5071070234113713,5.651095770418435
116,random_final_population,0.028864610821385916,1,0.0,0.0,0.010523828825106947,0.0,1.0,0.01834078199627897,1.0,0.467809364548495,4.926906519887445
117,action_diverse,0.0004367223036914105,1,0.0,0.0,0.0,0.0,1.0,0.0004367223036914105,1.0,0.5108695652173914,5.705327308088913
117,proxy_hard,0.0004367223036914105,1,0.0,0.0,0.0,0.0,1.0,0.0004367223036914105,1.0,0.9882943143812709,5.242339407058074
117,proxy_rejected_stratified_diverse,0.0004367223036914105,1,0.0,0.0,0.0,0.0,1.0,0.0004367223036914105,1.0,0.5117056856187291,6.162869677725341
117,random_final_population,0.0004367223036914105,1,0.0,0.0,0.0,0.0,1.0,0.0004367223036914105,1.0,0.5547658862876255,4.347219689307854
118,action_diverse,0.22478399619537318,0,0.0,0.0,0.0004328906784609732,0.0,0.0,0.2243511055169122,1.0,0.5748327759197325,6.643521988288404
118,proxy_hard,0.22478399619537318,0,0.0,0.0,0.0012354183339930158,0.0,0.0,0.22354857786138016,1.0,0.9882943143812709,5.634035890475711
118,proxy_rejected_stratified_diverse,0.22478399619537318,0,0.0,0.0,0.00015060902482033622,0.0,0.0,0.22463338717055284,1.0,0.4899665551839465,6.923223062487118
118,random_final_population,0.22478399619537318,0,0.0,0.0,4.7555498269374885e-05,0.0,0.0,0.2247364406971038,1.0,0.6981605351170568,5.364243274699959
119,action_diverse,0.0,1,0.0,0.0,0.0,0.0,1.0,0.0,1.0,0.5129598662207357,6.0504034609909
119,proxy_hard,0.0,1,0.0,0.0,0.0,0.0,1.0,0.0,1.0,0.9882943143812709,4.572465808614261
119,proxy_rejected_stratified_diverse,0.0,1,0.0,0.0,0.0,0.0,1.0,0.0,1.0,0.5054347826086957,6.642662550032702
119,random_final_population,0.0,1,0.0,0.0,0.0,0.0,1.0,0.0,1.0,0.6668060200668896,5.04046211458178
120,action_diverse,0.025462342903647395,1,0.0,0.0,0.009558466395815875,0.0,1.0,0.01590387650783152,1.0,0.524247491638796,8.473447692016055
120,proxy_hard,0.025462342903647395,1,0.0,0.0,0.006614992513784057,0.0,1.0,0.01884735038986334,1.0,0.9882943143812709,5.989877154332838
120,proxy_rejected_stratified_diverse,0.025462342903647395,1,1.0,0.022081230243305345,0.022081230243305345,0.0,1.0,0.00338111266034205,1.0,0.4995819397993311,8.923653677087453
120,random_final_population,0.025462342903647395,1,0.0,0.0,0.009558466395815875,0.0,1.0,0.01590387650783152,1.0,0.5468227424749164,6.394460286519289
121,action_diverse,6.282111519705901e-12,1,0.0,0.0,0.0,0.0,1.0,6.282111519705901e-12,1.0,0.5004180602006689,4.878116831485333
121,proxy_hard,6.282111519705901e-12,1,0.0,0.0,0.0,0.0,1.0,6.282111519705901e-12,1.0,0.9882943143812709,4.298426903953024
121,proxy_rejected_stratified_diverse,6.282111519705901e-12,1,0.0,0.0,0.0,0.0,1.0,6.282111519705901e-12,1.0,0.49874581939799334,5.134350870515457
121,random_final_population,6.282111519705901e-12,1,0.0,0.0,0.0,0.0,1.0,6.282111519705901e-12,1.0,0.6530100334448161,3.9574958729757688
122,action_diverse,0.02991869404303285,1,0.0,0.0,0.014625413580953008,0.0,1.0,0.015293280462079843,1.0,0.6032608695652173,5.54107718967076
122,proxy_hard,0.02991869404303285,1,0.0,0.0,0.009544429177885526,0.0,1.0,0.020374264865147325,1.0,0.9882943143812709,4.610354397213891
122,proxy_rejected_stratified_diverse,0.02991869404303285,1,0.0,0.0,0.014625413580953008,0.0,1.0,0.015293280462079843,1.0,0.5062709030100334,5.7074778512528805
122,random_final_population,0.02991869404303285,1,0.0,0.0,0.0038994783745578097,0.0,1.0,0.02601921566847504,1.0,0.3766722408026756,4.5038810952876025
123,action_diverse,0.0,1,0.0,0.0,0.0,0.0,1.0,0.0,1.0,0.68938127090301,5.377530956487918
123,proxy_hard,0.0,1,0.0,0.0,0.0,0.0,1.0,0.0,1.0,0.9882943143812709,4.4277620838740654
123,proxy_rejected_stratified_diverse,0.0,1,0.0,0.0,0.0,0.0,1.0,0.0,1.0,0.5020903010033445,5.514125970214456
123,random_final_population,0.0,1,0.0,0.0,0.0,0.0,1.0,0.0,1.0,0.2157190635451505,4.2911988735531885
124,action_diverse,0.12366574326655153,0,1.0,0.09012925398355373,0.09012925398355373,1.0,1.0,0.033536489282997795,1.0,0.5388795986622075,7.866665097495508
124,proxy_hard,0.12366574326655153,0,1.0,0.06183731012941129,0.06183731012941129,0.0,0.0,0.06182843313714024,1.0,0.9882943143812709,6.19758864403417
124,proxy_rejected_stratified_diverse,0.12366574326655153,0,1.0,0.0940478212288276,0.0940478212288276,1.0,1.0,0.02961792203772392,1.0,0.5104515050167224,9.160568496957085
124,random_final_population,0.12366574326655153,0,1.0,0.023740520738065762,0.023740520738065762,0.0,0.0,0.09992522252848576,1.0,0.4222408026755853,5.327738262659051
125,action_diverse,0.0316183202673794,1,0.0,0.0,0.01117196029268392,0.0,1.0,0.02044635997469548,1.0,0.6626254180602007,7.627370826052037
125,proxy_hard,0.0316183202673794,1,0.0,0.0,0.0,0.0,0.0,0.042968712114313704,1.0,0.9882943143812709,6.163990085424985
125,proxy_rejected_stratified_diverse,0.0316183202673794,1,0.0,0.0,0.0,0.0,1.0,0.0369405347630472,1.0,0.4870401337792642,7.93258829857208
125,random_final_population,0.0316183202673794,1,0.0,0.0,0.0,0.0,1.0,0.0370152899608502,1.0,0.5618729096989967,5.852907302962038
126,action_diverse,0.1904647471708826,0,0.0,0.0,4.388008680997202e-05,0.0,0.0,0.19042086708407263,1.0,0.5025083612040133,6.014531417184532
126,proxy_hard,0.1904647471708826,0,0.0,0.0,0.00025295946441017403,0.0,0.0,0.19021178770647243,1.0,0.9882943143812709,4.820478742981072
126,proxy_rejected_stratified_diverse,0.1904647471708826,0,0.0,0.0,6.361681224176241e-05,0.0,0.0,0.19040113035864084,1.0,0.5117056856187291,6.279273116932271
126,random_final_population,0.1904647471708826,0,1.0,0.17325498415497176,0.17325498415497176,1.0,1.0,0.017209763015910838,1.0,0.3988294314381271,4.824288561033137
127,action_diverse,0.03148962935284988,1,0.0,0.0,0.006628906627674118,0.0,1.0,0.02486072272517576,1.0,0.5836120401337792,6.957655287188068
127,proxy_hard,0.03148962935284988,1,0.0,0.0,0.012802707764562837,0.0,1.0,0.018686921588287043,1.0,0.9882943143812709,5.578678870797109
127,proxy_rejected_stratified_diverse,0.03148962935284988,1,0.0,0.0,0.01444432899886778,0.0,1.0,0.0170453003539821,1.0,0.48996655518394644,7.099240561710793
127,random_final_population,0.03148962935284988,1,0.0,0.0,0.0075960069456820906,0.0,1.0,0.02389362240716779,1.0,0.27591973244147155,4.895959162159587
