observer_seed,task_id,task_label,n,fresh_success,filtered_success,paired_gain,gain_ci95,filtered_observation_q_accuracy,filtered_planning_q_accuracy
0,4,task_4,16,0.875,1.0,0.125,"[0.0, 0.3125]",0.9393939393939394,0.9545454545454546
0,5,task_5,16,0.6875,0.625,-0.0625,"[-0.1875, 0.0]",0.7357142857142858,0.8142857142857143
0,0,pooled,32,0.78125,0.8125,0.03125,"[-0.0625, 0.125]",0.8009708737864077,0.8592233009708737
1,4,task_4,16,0.9375,0.9375,0.0,"[-0.1875, 0.1875]",0.9545454545454546,0.9545454545454546
1,5,task_5,16,0.4375,0.6875,0.25,"[0.0625, 0.4375]",0.7681159420289855,0.855072463768116
1,0,pooled,32,0.6875,0.8125,0.125,"[0.0, 0.28125]",0.8284313725490197,0.8872549019607843
2,4,task_4,16,0.9375,0.9375,0.0,"[-0.1875, 0.1875]",0.9545454545454546,0.9545454545454546
2,5,task_5,16,0.75,0.6875,-0.0625,"[-0.1875, 0.0]",0.7608695652173914,0.855072463768116
2,0,pooled,32,0.84375,0.8125,-0.03125,"[-0.15625, 0.0625]",0.8235294117647058,0.8872549019607843
