snapshot,candidate,source,label,learned_proxy_cost,physical_distance_m,physical_regret_m,proxy_rank_fraction,physical_rank_fraction,success,executed_steps
9,0,cem_initial,candidate,88.220458984375,0.08593565857636273,0.0812138982485118,0.5492487479131887,0.9315525876460768,0,25
9,1,cem_initial,candidate,271.62066650390625,0.037140730582904236,0.0324189702550533,0.8297161936560935,0.5926544240400667,1,3
9,2,cem_initial,candidate,405.03045654296875,0.045478240414624185,0.04075648008677325,0.988313856427379,0.7512520868113522,0,25
9,3,cem_initial,candidate,251.32876586914062,0.024778361311910926,0.02005660098405999,0.7963272120200334,0.2337228714524207,1,12
9,4,cem_initial,candidate,278.9151306152344,0.05212687820301438,0.04740511787516344,0.8480801335559266,0.8013355592654424,0,25
9,5,cem_initial,candidate,251.7738800048828,0.03193033204713553,0.027208571719284595,0.7979966611018364,0.41736227045075125,1,3
9,6,cem_initial,candidate,377.5638732910156,0.08598525860369995,0.08126349827584901,0.9699499165275459,0.9332220367278798,0,25
9,7,cem_initial,candidate,239.36842346191406,0.033441270718087404,0.02871951039023647,0.7679465776293823,0.4574290484140234,1,24
9,8,cem_initial,candidate,219.9186248779297,0.009056938667549535,0.004335178339698599,0.7378964941569283,0.008347245409015025,1,12
9,9,cem_initial,candidate,362.9586486816406,0.09420940800848075,0.08948764768062982,0.9582637729549248,0.9582637729549248,0,25
9,10,cem_initial,candidate,395.368896484375,0.04589772433223043,0.04117596400437949,0.9833055091819699,0.7545909849749582,0,25
9,11,cem_initial,candidate,252.56436157226562,0.047845728678303764,0.04312396835045283,0.8013355592654424,0.7662771285475793,0,25
9,12,cem_initial,candidate,382.304931640625,0.06336137181245656,0.05863961148460563,0.9749582637729549,0.8580968280467446,0,25
9,13,cem_initial,candidate,68.18226623535156,0.054812897555179915,0.05009113722732898,0.5191986644407346,0.8113522537562604,0,25
9,14,cem_initial,candidate,288.40582275390625,0.0901756819101048,0.08545392158225387,0.8697829716193656,0.9515859766277128,0,25
9,15,cem_initial,candidate,284.40362548828125,0.0340806068267914,0.029358846498940463,0.8647746243739566,0.48747913188647746,1,12
9,16,cem_initial,candidate,360.3819885253906,0.034322834620102126,0.02960107429225119,0.9549248747913188,0.4958263772954925,1,11
9,17,cem_initial,candidate,313.7782897949219,0.08815274393605199,0.08343098360820106,0.9098497495826378,0.9449081803005008,0,25
9,18,cem_initial,candidate,274.05377197265625,0.05676154273319871,0.052039782405347776,0.8347245409015025,0.8180300500834724,0,25
9,19,cem_initial,candidate,174.13853454589844,0.05984072315166271,0.055118962823811776,0.672787979966611,0.8380634390651085,0,25
9,20,cem_initial,candidate,192.7271728515625,0.05764322277818447,0.05292146245033354,0.6928213689482471,0.8230383973288815,0,25
9,21,cem_initial,candidate,210.90419006347656,0.02576364647924423,0.021041886151393293,0.7278797996661102,0.2587646076794658,1,10
9,22,cem_initial,candidate,139.52932739257812,0.04395695058060769,0.03923519025275675,0.6193656093489148,0.7378964941569283,0,25
9,23,cem_initial,candidate,242.65725708007812,0.06104709684697946,0.05632533651912852,0.7729549248747913,0.8447412353923205,0,25
9,24,cem_initial,candidate,222.43386840820312,0.018677340598219194,0.013955580270368258,0.7445742904841403,0.08848080133555926,1,12
9,25,cem_initial,candidate,177.975341796875,0.058704161140600127,0.05398240081274919,0.674457429048414,0.8297161936560935,0,25
9,26,cem_initial,candidate,290.6785888671875,0.07373731140196381,0.06901555107411288,0.8764607679465777,0.9065108514190318,0,25
9,27,cem_initial,candidate,196.80584716796875,0.02961570260450277,0.024893942276651836,0.7011686143572621,0.3606010016694491,1,12
9,28,cem_initial,candidate,142.19659423828125,0.07720528710410167,0.07248352677625074,0.6227045075125208,0.9115191986644408,0,25
9,29,cem_initial,candidate,246.08572387695312,0.06154117980748802,0.05681941947963709,0.7779632721202003,0.8480801335559266,0,25
9,30,cem_initial,candidate,136.64892578125,0.05819849470166981,0.05347673437381888,0.6160267111853088,0.8247078464106845,0,25
9,31,cem_initial,candidate,160.60543823242188,0.05176881172818028,0.047047051400329346,0.6444073455759599,0.7979966611018364,0,25
9,32,cem_initial,candidate,254.6001434326172,0.1067941322906892,0.10207237196283826,0.8046744574290484,0.9766277128547579,0,25
9,33,cem_initial,candidate,291.4107360839844,0.06779051786030693,0.063068757532456,0.8814691151919867,0.8814691151919867,0,25
9,34,cem_initial,candidate,216.06198120117188,0.042057788873216095,0.03733602854536516,0.7312186978297162,0.7228714524207012,0,25
9,35,cem_initial,candidate,86.85474395751953,0.02723006565430266,0.022508305326451723,0.5459098497495827,0.28046744574290483,1,12
9,36,cem_initial,candidate,241.58236694335938,0.07224062780358187,0.06751886747573094,0.7712854757929883,0.9031719532554258,0,25
9,37,cem_initial,candidate,234.49862670898438,0.03858005896173875,0.03385829863388781,0.7612687813021702,0.657762938230384,1,13
9,38,cem_initial,candidate,291.2071228027344,0.126788486184915,0.12206672585706407,0.8781302170283807,0.993322203672788,0,25
9,39,cem_initial,candidate,394.2325439453125,0.042031663304848685,0.03730990297699775,0.9816360601001669,0.7212020033388982,0,25
9,40,cem_initial,candidate,164.52566528320312,0.03309563297069536,0.02837387264284442,0.6510851419031719,0.4507512520868113,1,12
9,41,cem_initial,candidate,133.27410888671875,0.03331070015007609,0.028588939822225153,0.6060100166944908,0.4524207011686144,1,21
9,42,cem_initial,candidate,265.96087646484375,0.04327524732333581,0.03855348699548487,0.8213689482470785,0.7295492487479132,0,25
9,43,cem_initial,candidate,136.32736206054688,0.10307883566631183,0.0983570753384609,0.6143572621035058,0.9716193656093489,0,25
9,44,cem_initial,candidate,259.5162353515625,0.02199889079123031,0.017277130463379375,0.8130217028380634,0.15025041736227046,1,8
9,45,cem_initial,candidate,220.68365478515625,0.016842573597023347,0.012120813269172411,0.7412353923205343,0.04674457429048414,1,17
9,46,cem_initial,candidate,325.78094482421875,0.07074714459131672,0.06602538426346578,0.9198664440734557,0.8898163606010017,0,25
9,47,cem_initial,candidate,106.04325103759766,0.020737503093593616,0.01601574276574268,0.5759599332220368,0.11853088480801335,1,4
9,48,cem_initial,candidate,306.752685546875,0.014447551667658069,0.009725791339807133,0.9031719532554258,0.028380634390651086,1,15
9,49,cem_initial,candidate,331.12481689453125,0.07797443928046068,0.07325267895260974,0.9248747913188647,0.9181969949916527,0,25
9,50,cem_initial,candidate,168.46240234375,0.10475735610947073,0.1000355957816198,0.662771285475793,0.9732888146911519,0,25
9,51,cem_initial,candidate,99.4151611328125,0.009013417078408996,0.00429165675055806,0.5659432387312187,0.00667779632721202,1,6
9,52,cem_initial,candidate,159.69725036621094,0.04885854608269931,0.044136785754848376,0.6427378964941569,0.7746243739565943,0,25
9,53,cem_initial,candidate,289.5028991699219,0.05128638526338057,0.04656462493552964,0.8747913188647746,0.7946577629382304,0,25
9,54,cem_initial,candidate,198.71029663085938,0.06427593221071956,0.05955417188286863,0.7111853088480802,0.8597662771285476,0,25
9,55,cem_initial,candidate,138.58067321777344,0.03879968460225302,0.03407792427440208,0.6176961602671118,0.667779632721202,1,8
9,56,cem_initial,candidate,204.53775024414062,0.08635938778259353,0.0816376274547426,0.7195325542570952,0.9382303839732888,0,25
9,57,cem_initial,candidate,199.7763214111328,0.03617594965477686,0.031454189326925924,0.7128547579298832,0.5575959933222037,1,24
9,58,cem_initial,candidate,344.67279052734375,0.013848962291700479,0.009127201963849543,0.9398998330550918,0.025041736227045076,1,9
9,59,cem_initial,candidate,94.51890563964844,0.013444713635593708,0.008722953307742773,0.5525876460767947,0.02003338898163606,1,19
9,60,cem_initial,candidate,96.71167755126953,0.02819848793086737,0.023476727603016435,0.5609348914858097,0.3071786310517529,1,6
9,61,cem_initial,candidate,182.79812622070312,0.05872401317683211,0.05400225284898118,0.679465776293823,0.8313856427378965,0,25
9,62,cem_initial,candidate,295.463623046875,0.06467289158887529,0.05995113126102436,0.8848080133555927,0.8647746243739566,0,25
9,63,cem_initial,candidate,325.7427062988281,0.018366882909138817,0.013645122581287882,0.9181969949916527,0.07512520868113523,1,10
9,64,cem_initial,candidate,244.00262451171875,0.09683944961870901,0.09211768929085808,0.7746243739565943,0.9599332220367279,0,25
9,65,cem_initial,candidate,32.823089599609375,0.024330224236744594,0.019608463908893658,0.4540901502504174,0.21535893155258765,1,19
9,66,cem_initial,candidate,197.2108154296875,0.03785019525151597,0.03312843492366503,0.7045075125208681,0.6176961602671118,1,23
9,67,cem_initial,candidate,119.99390411376953,0.0394948884196501,0.034773128091799166,0.5909849749582637,0.6911519198664441,1,9
9,68,cem_initial,candidate,326.8010559082031,0.032065216119763575,0.02734345579191264,0.9215358931552587,0.42237061769616024,1,8
9,69,cem_initial,candidate,166.825439453125,0.029030448632361348,0.024308688304510412,0.6527545909849749,0.335559265442404,1,14
9,70,cem_initial,candidate,318.2807922363281,0.10063660168361249,0.09591484135576156,0.9148580968280468,0.9666110183639399,0,25
9,71,cem_initial,candidate,113.98558807373047,0.016473367386843935,0.011751607058992999,0.5809682804674458,0.045075125208681135,1,3
9,72,cem_initial,candidate,167.68382263183594,0.054445006491178574,0.04972324616332764,0.66110183639399,0.8096828046744574,0,25
9,73,cem_initial,candidate,332.39324951171875,0.053570403314214414,0.048848642986363475,0.9282136894824707,0.8080133555926544,0,25
9,74,cem_initial,candidate,370.857177734375,0.08898476054597071,0.08426300021811978,0.9649415692821369,0.9482470784641068,0,25
9,75,cem_initial,candidate,396.5997314453125,0.018419523431965616,0.01369776310411468,0.9849749582637729,0.07846410684474124,1,11
9,76,cem_initial,candidate,80.5080795288086,0.04886787852642792,0.044146118198576986,0.5358931552587646,0.7762938230383973,0,25
9,77,cem_initial,candidate,350.1160583496094,0.06191756197701887,0.05719580164916793,0.9482470784641068,0.8497495826377296,0,25
9,78,cem_initial,candidate,29.350006103515625,0.04892600697241499,0.04420424664456406,0.4357262103505843,0.7779632721202003,0,25
9,79,cem_initial,candidate,352.64141845703125,0.08630520117449146,0.08158344084664053,0.9499165275459098,0.9348914858096828,0,25
9,80,cem_initial,candidate,154.48809814453125,0.034134740874493544,0.029412980546642608,0.6393989983305509,0.48914858096828046,1,4
9,81,cem_initial,candidate,167.01284790039062,0.03406686910674277,0.02934510877889183,0.654424040066778,0.48580968280467446,1,17
9,82,cem_initial,candidate,89.74433898925781,0.03618463241447945,0.03146287208662851,0.5509181969949917,0.5609348914858097,1,7
9,83,cem_initial,candidate,227.95779418945312,0.02605582227623878,0.021334061948387845,0.7495826377295493,0.2687813021702838,1,16
9,84,cem_initial,candidate,128.34423828125,0.05521928849592762,0.05049752816807668,0.5993322203672788,0.8130217028380634,0,25
9,85,cem_initial,candidate,256.1109924316406,0.08050632349428738,0.07578456316643645,0.8080133555926544,0.9198664440734557,0,25
9,86,cem_initial,candidate,238.8389892578125,0.00567291118062281,0.0009511508527718744,0.7662771285475793,0.001669449081803005,1,14
9,87,cem_initial,candidate,226.77120971679688,0.03183322914178354,0.027111468813932605,0.7462437395659433,0.41402337228714525,1,14
9,88,cem_initial,candidate,250.16372680664062,0.17066938948576432,0.1659476291579134,0.7913188647746243,0.998330550918197,0,25
9,89,cem_initial,candidate,341.7768249511719,0.07784414077673164,0.07312238044888071,0.9348914858096828,0.9148580968280468,0,25
9,90,cem_initial,candidate,296.7152099609375,0.05845452714691635,0.053732766819065414,0.8864774624373957,0.8263772954924875,0,25
9,91,cem_initial,candidate,143.48080444335938,0.06459547240240722,0.05987371207455629,0.6243739565943238,0.8631051752921536,0,25
9,92,cem_initial,candidate,231.15106201171875,0.018968883171541853,0.014247122843690917,0.7545909849749582,0.09348914858096828,1,10
9,93,cem_initial,candidate,333.08905029296875,0.03024883016295921,0.025527069835108274,0.9298831385642737,0.3772954924874791,1,11
9,94,cem_initial,candidate,46.251800537109375,0.03557292571399627,0.030851165386145334,0.4958263772954925,0.5308848080133556,1,10
9,95,cem_initial,candidate,456.7498779296875,0.1025674507194719,0.09784569039162097,1.0,0.9699499165275459,0,25
9,96,cem_initial,candidate,345.5231628417969,0.03380862080857522,0.029086860480724282,0.9465776293823038,0.4691151919866444,1,15
9,97,cem_initial,candidate,294.9826965332031,0.08398105024589406,0.07925928991804312,0.8831385642737897,0.9282136894824707,0,25
9,98,cem_initial,candidate,297.577880859375,0.027542044029025745,0.02282028370117481,0.8898163606010017,0.2904841402337229,1,10
9,99,cem_initial,candidate,193.0514678955078,0.0612577081892834,0.05653594786143247,0.6978297161936561,0.8464106844741235,0,25
9,100,cem_initial,candidate,95.4537582397461,0.05626647168060532,0.05154471135275439,0.5559265442404007,0.8163606010016694,0,25
9,101,cem_initial,candidate,383.66583251953125,0.03239731290042129,0.027675552572570355,0.9766277128547579,0.4290484140233723,1,14
9,102,cem_initial,candidate,147.79693603515625,0.043461367413493115,0.03873960708564218,0.6310517529215359,0.7362270450751253,0,25
9,103,cem_initial,candidate,303.8802795410156,0.08711044617131976,0.08238868584346883,0.8981636060100167,0.9432387312186978,0,25
9,104,cem_initial,candidate,317.4347839355469,0.039989556681434495,0.035267796353583555,0.9131886477462438,0.7145242070116862,1,13
9,105,cem_initial,candidate,80.44132995605469,0.04999022344934929,0.04526846312149835,0.5342237061769616,0.7846410684474123,0,25
9,106,cem_initial,candidate,306.30706787109375,0.06275020084292789,0.058028440515076954,0.8998330550918197,0.8547579298831386,0,25
9,107,cem_initial,candidate,82.49874114990234,0.11443818872104235,0.10971642839319141,0.5442404006677797,0.9849749582637729,0,25
9,108,cem_initial,candidate,228.15492248535156,0.06854191132736336,0.06382015099951242,0.7512520868113522,0.8831385642737897,0,25
9,109,cem_initial,candidate,382.00537109375,0.10825957760719193,0.103537817279341,0.9732888146911519,0.9799666110183639,0,25
9,110,cem_initial,candidate,331.27557373046875,0.10561834742615735,0.10089658709830641,0.9265442404006677,0.9749582637729549,0,25
9,111,cem_initial,candidate,240.64356994628906,0.036284034341157324,0.031562274013306385,0.7696160267111853,0.5659432387312187,1,9
9,112,cem_initial,candidate,198.57081604003906,0.08085157273082118,0.07612981240297025,0.7095158597662772,0.9215358931552587,0,25
9,113,cem_initial,candidate,209.60568237304688,0.11045536709821523,0.1057336067703643,0.7262103505843072,0.9833055091819699,0,25
9,114,cem_initial,candidate,284.2364196777344,0.0338864574980896,0.029164697170238663,0.8631051752921536,0.4757929883138564,1,15
9,115,cem_initial,candidate,130.95614624023438,0.029590130590894218,0.024868370263043282,0.6026711185308848,0.3589315525876461,1,14
9,116,cem_initial,candidate,97.36940002441406,0.04965854736349165,0.04493678703564072,0.5626043405676127,0.7813021702838063,0,25
9,117,cem_initial,candidate,278.8955078125,0.06855626983690105,0.06383450950905012,0.8464106844741235,0.8848080133555927,0,25
9,118,cem_initial,candidate,192.95103454589844,0.0058891746515778625,0.0011674143237269266,0.6961602671118531,0.00333889816360601,1,11
9,119,cem_initial,candidate,259.96673583984375,0.016447005799700702,0.011725245471849766,0.8146911519198664,0.04340567612687813,1,4
9,120,cem_initial,candidate,274.97357177734375,0.018653592171942887,0.013931831844091951,0.8380634390651085,0.08681135225375626,1,10
9,121,cem_initial,candidate,173.88426208496094,0.020831071924931877,0.01610931159708094,0.671118530884808,0.12353923205342238,1,22
9,122,cem_initial,candidate,400.3307800292969,0.04641232400046429,0.041690563672613354,0.986644407345576,0.7562604340567612,0,25
9,123,cem_initial,candidate,281.77276611328125,0.028876343565844006,0.02415458323799307,0.8564273789649416,0.328881469115192,1,12
9,124,cem_initial,candidate,311.520263671875,0.05159056607122837,0.04686880574337743,0.9065108514190318,0.7963272120200334,0,25
9,125,cem_initial,candidate,148.92408752441406,0.07093492261115747,0.06621316228330654,0.6327212020033389,0.8914858096828047,0,25
9,126,cem_initial,candidate,281.2070007324219,0.06750872814092462,0.06278696781307369,0.8530884808013356,0.8781302170283807,0,25
9,127,cem_initial,candidate,269.4928894042969,0.027559752000697307,0.02283799167284637,0.8280467445742905,0.2921535893155259,1,19
9,128,cem_initial,candidate,65.9493408203125,0.018044782015594216,0.01332302168774328,0.5175292153589316,0.06844741235392321,1,4
9,129,cem_initial,candidate,96.51002502441406,0.024374633001871596,0.01965287267402066,0.5592654424040067,0.21702838063439064,1,7
9,130,cem_initial,candidate,268.02752685546875,0.07465374272680601,0.06993198239895508,0.8263772954924875,0.9081803005008348,0,25
9,131,cem_initial,candidate,274.9330139160156,0.04423252812025286,0.039510767792401924,0.8363939899833055,0.7395659432387313,0,25
9,132,cem_initial,candidate,134.02088928222656,0.06473375859850616,0.06001199827065523,0.6076794657762938,0.8664440734557596,0,25
9,133,cem_initial,candidate,123.14598846435547,0.032715571148110655,0.02799381082025972,0.5943238731218697,0.44240400667779634,1,5
9,134,cem_initial,candidate,151.2918243408203,0.03870822550132949,0.03398646517347856,0.6343906510851419,0.664440734557596,1,10
9,135,cem_initial,candidate,205.4354705810547,0.07137145695756743,0.0666496966297165,0.7212020033388982,0.8964941569282137,0,25
9,136,cem_initial,candidate,194.37493896484375,0.021107967283501377,0.01638620695565044,0.6994991652754591,0.1285475792988314,1,3
9,137,cem_initial,candidate,250.36782836914062,0.03662362087334041,0.03190186054548948,0.7929883138564274,0.5742904841402338,1,5
9,138,cem_initial,candidate,393.436767578125,0.1190060852677723,0.11428432493992137,0.9799666110183639,0.986644407345576,0,25
9,139,cem_initial,candidate,260.59283447265625,0.03647051115067529,0.031748750822824356,0.8180300500834724,0.5709515859766278,1,13
9,140,cem_initial,candidate,76.66291809082031,0.09063385737807717,0.08591209705022623,0.5275459098497496,0.9532554257095158,0,25
9,141,cem_initial,candidate,375.392578125,0.03934290204667783,0.034621141718826895,0.9666110183639399,0.6844741235392321,1,16
9,142,cem_initial,candidate,183.07940673828125,0.03862763224017409,0.03390587191232315,0.6811352253756261,0.659432387312187,1,10
9,143,cem_initial,candidate,289.4845886230469,0.03554500751687053,0.030823247189019593,0.8731218697829716,0.5292153589315526,1,3
9,144,cem_initial,candidate,249.77688598632812,0.07792937712638177,0.07320761679853084,0.7863105175292153,0.9165275459098498,0,25
9,145,cem_initial,candidate,280.0254211425781,0.047987602358701385,0.043265842030850446,0.8497495826377296,0.7696160267111853,0,25
9,146,cem_initial,candidate,345.4268798828125,0.09984839377156814,0.0951266334437172,0.9449081803005008,0.9649415692821369,0,25
9,147,cem_initial,candidate,19.68030548095703,0.030880086800422615,0.02615832647257168,0.34891485809682804,0.38731218697829717,1,7
9,148,cem_initial,candidate,283.1409912109375,0.03521321748996443,0.030491457162113492,0.8580968280467446,0.5125208681135225,1,9
9,149,cem_initial,candidate,132.45640563964844,0.03765561068825571,0.032933850360404776,0.6043405676126878,0.6076794657762938,1,14
9,150,cem_initial,candidate,302.7248229980469,0.037716212366588446,0.03299445203873751,0.8948247078464107,0.6110183639398998,1,13
9,151,cem_initial,candidate,260.406494140625,0.0700837647967758,0.06536200446892487,0.8163606010016694,0.8864774624373957,0,25
9,152,cem_initial,candidate,53.36073684692383,0.01746843908864682,0.012746678760795885,0.5058430717863105,0.06176961602671119,1,9
9,153,cem_initial,candidate,221.05364990234375,0.03391843178785657,0.029196671460005635,0.7429048414023373,0.4774624373956594,1,3
9,154,cem_initial,candidate,249.92364501953125,0.1476278174359453,0.14290605710809437,0.7879799666110183,0.994991652754591,0,25
9,155,cem_initial,candidate,144.12014770507812,0.07164048449134008,0.06691872416348915,0.6260434056761269,0.8981636060100167,0,25
9,156,cem_initial,candidate,215.12648010253906,0.05688922522290578,0.052167464895054846,0.7295492487479132,0.8196994991652755,0,25
9,157,cem_initial,candidate,94.64511108398438,0.0643200786625304,0.05959831833467946,0.5542570951585977,0.8614357262103506,0,25
9,158,cem_initial,candidate,169.23977661132812,0.03112239232649376,0.026400631998642825,0.666110183639399,0.39398998330550916,1,3
9,159,cem_initial,candidate,312.75994873046875,0.04509957094365051,0.04037781061579958,0.9081803005008348,0.7462437395659433,0,25
9,160,cem_initial,candidate,234.7798309326172,0.018562000650291934,0.013840240322440998,0.7629382303839732,0.08180300500834725,1,19
9,161,cem_initial,candidate,380.4786376953125,0.08155989284654676,0.07683813251869583,0.9716193656093489,0.9248747913188647,0,25
9,162,cem_initial,candidate,128.44068908691406,0.03351084889299409,0.028789088565143155,0.6010016694490818,0.46243739565943237,1,16
9,163,cem_initial,candidate,267.6714172363281,0.08679184617744272,0.08207008584959179,0.8247078464106845,0.9415692821368948,0,25
9,164,cem_initial,candidate,272.1570129394531,0.047896018208189485,0.043174257880338546,0.8313856427378965,0.7679465776293823,0,25
9,165,cem_initial,candidate,252.4290313720703,0.10775442430613823,0.1030326639782873,0.7996661101836394,0.9782971619365609,0,25
9,166,cem_initial,candidate,108.89176940917969,0.03105228155777457,0.026330521229923635,0.5792988313856428,0.39065108514190316,1,22
9,167,cem_initial,candidate,250.71066284179688,0.06522312090767596,0.060501360579825025,0.7946577629382304,0.8681135225375626,0,25
9,168,cem_initial,candidate,157.2147674560547,0.01911581805037052,0.014394057722519584,0.6410684474123539,0.09515859766277128,1,11
9,169,cem_initial,candidate,306.31134033203125,0.04756207410196533,0.04284031377411439,0.9015025041736227,0.7629382303839732,0,25
9,170,cem_initial,candidate,161.0506134033203,0.023138572028305812,0.018416811700454876,0.6477462437395659,0.18697829716193656,1,4
9,171,cem_initial,candidate,277.05255126953125,0.04574682087010988,0.04102506054225895,0.8430717863105175,0.7529215358931552,0,25
9,172,cem_initial,candidate,171.77273559570312,0.023559705371508918,0.018837945043657982,0.667779632721202,0.19365609348914858,1,18
9,173,cem_initial,candidate,178.5535888671875,0.0389598652973683,0.03423810496951736,0.676126878130217,0.676126878130217,1,9
9,174,cem_initial,candidate,185.35635375976562,0.02880476310022541,0.024083002772374473,0.6861435726210351,0.32220367278797996,1,3
9,175,cem_initial,candidate,207.3356170654297,0.0720300452701344,0.06730828494228347,0.7228714524207012,0.8998330550918197,0,25
9,176,cem_initial,candidate,135.931640625,0.07057661247619573,0.0658548521483448,0.6126878130217028,0.8881469115191987,0,25
9,177,cem_initial,candidate,127.19813537597656,0.06723179652041195,0.06251003619256101,0.5976627712854758,0.8747913188647746,0,25
9,178,cem_initial,candidate,369.94500732421875,0.06064762869988574,0.05592586837203481,0.9632721202003339,0.8414023372287145,0,25
9,179,cem_initial,candidate,316.4276123046875,0.03794527084032588,0.03322351051247495,0.9115191986644408,0.6243739565943238,1,13
9,180,cem_initial,candidate,63.05736541748047,0.02921240185548137,0.024490641527630433,0.5141903171953256,0.34056761268781305,1,23
9,181,cem_initial,candidate,87.92886352539062,0.05194337187756204,0.04722161154971111,0.5475792988313857,0.7996661101836394,0,25
9,182,cem_initial,candidate,192.72341918945312,0.05581601548762263,0.0510942551597717,0.6911519198664441,0.8146911519198664,0,25
9,183,cem_initial,candidate,101.78987121582031,0.03473348646138212,0.030011726133531185,0.5692821368948247,0.5025041736227045,1,6
9,184,cem_initial,candidate,81.85568237304688,0.0909811181104605,0.08625935778260957,0.5425709515859767,0.9565943238731218,0,25
9,185,cem_initial,candidate,247.2204132080078,0.036342946165625514,0.03162118583777458,0.7813021702838063,0.5676126878130217,1,3
9,186,cem_initial,candidate,198.29083251953125,0.043149832161811855,0.03842807183396092,0.7078464106844741,0.7262103505843072,0,25
9,187,cem_initial,candidate,236.62936401367188,0.036231517494259506,0.03150975716640857,0.7646076794657763,0.5642737896494157,1,11
9,188,cem_initial,candidate,197.95066833496094,0.04810229907248218,0.04338053874463124,0.7061769616026711,0.7712854757929883,0,25
9,189,cem_initial,candidate,232.4967498779297,0.07755073849770389,0.07282897816985295,0.7595993322203672,0.9131886477462438,0,25
9,190,cem_initial,candidate,120.44550323486328,0.032455719324824425,0.02773395899697349,0.5926544240400667,0.4323873121869783,1,12
9,191,cem_initial,candidate,152.9413299560547,0.03690371042721337,0.032181950099362436,0.6377295492487479,0.5826377295492488,1,19
9,192,cem_initial,candidate,173.0447998046875,0.06653386169154549,0.061812101363694555,0.669449081803005,0.8731218697829716,0,25
9,193,cem_initial,matched_control,258.1268615722656,0.05028735287576463,0.04556559254791369,0.8113522537562604,0.7896494156928213,0,25
9,194,cem_initial,candidate,250.13201904296875,0.050025373354266774,0.045303613026415834,0.7896494156928213,0.7863105175292153,0,25
9,195,cem_initial,candidate,328.7861022949219,0.0325517695057643,0.027830009177913364,0.9232053422370617,0.4373956594323873,1,6
9,196,cem_initial,candidate,280.160400390625,0.03935595563429951,0.03463419530644857,0.8514190317195326,0.6861435726210351,1,9
9,197,cem_initial,candidate,78.90536499023438,0.03460948942327384,0.029887729095422904,0.5292153589315526,0.4991652754590985,1,3
9,198,cem_initial,candidate,272.61865234375,0.09787953589611098,0.09315777556826005,0.8330550918196995,0.9616026711185309,0,25
9,199,cem_initial,candidate,345.0527038574219,0.09006812438639662,0.08534636405854569,0.9415692821368948,0.9499165275459098,0,25
9,200,cem_initial,candidate,219.1580047607422,0.03964339038891925,0.03492163006106831,0.7345575959933222,0.6994991652754591,1,17
9,201,cem_initial,candidate,60.63574981689453,0.10994335657364779,0.10522159624579686,0.5091819699499165,0.9816360601001669,0,25
9,202,cem_initial,candidate,345.2662048339844,0.03981906281398512,0.035097302486134185,0.9432387312186978,0.7045075125208681,1,10
9,203,cem_initial,candidate,289.1912841796875,0.04317367972723249,0.03845191939938156,0.8714524207011686,0.7278797996661102,0,25
9,204,cem_initial,candidate,301.0826416015625,0.08417076257560244,0.0794490022477515,0.8931552587646077,0.9298831385642737,0,25
9,205,cem_initial,candidate,81.5308837890625,0.03703642627931026,0.03231466595145932,0.5409015025041736,0.5876460767946577,1,24
9,206,cem_initial,candidate,103.10197448730469,0.038916839626460094,0.034195079298609155,0.5726210350584308,0.671118530884808,1,9
9,207,cem_initial,candidate,283.66705322265625,0.06595687472607485,0.06123511439822392,0.8597662771285476,0.8714524207011686,0,25
9,208,cem_initial,candidate,253.4219970703125,0.039049701097371964,0.03432794076952103,0.8030050083472454,0.67779632721202,1,6
9,209,cem_initial,candidate,318.7095947265625,0.12017806423872594,0.11545630391087501,0.9165275459098498,0.988313856427379,0,25
9,210,cem_initial,candidate,361.2789001464844,0.028224375554011288,0.023502615226160352,0.9565943238731218,0.3088480801335559,1,8
9,211,cem_initial,candidate,115.22489166259766,0.04750181552308403,0.04278005519523309,0.5826377295492488,0.7612687813021702,0,25
9,212,cem_initial,candidate,96.0994873046875,0.03696361497964041,0.03224185465178947,0.5575959933222037,0.5859766277128547,1,4
9,213,cem_initial,candidate,61.78999328613281,0.05049198011153725,0.04577021978368631,0.5108514190317195,0.7913188647746243,0,25
9,214,cem_initial,candidate,134.8793182373047,0.029475960515857127,0.02475420018800619,0.6093489148580968,0.35392320534223703,1,6
9,215,cem_initial,candidate,230.3189697265625,0.03251150442362614,0.027789744095775202,0.7529215358931552,0.4357262103505843,1,22
9,216,cem_initial,candidate,231.82254028320312,0.06206964252872498,0.05734788220087404,0.7562604340567612,0.8514190317195326,0,25
9,217,cem_initial,candidate,218.67941284179688,0.07221729986587193,0.067495539538021,0.7328881469115192,0.9015025041736227,0,25
9,218,cem_initial,candidate,62.997032165527344,0.028602821179258473,0.023881060851407537,0.5125208681135225,0.31552587646076796,1,7
9,219,cem_initial,candidate,425.49310302734375,0.09072463521024828,0.08600287488239734,0.996661101836394,0.9549248747913188,0,25
9,220,cem_initial,candidate,283.83917236328125,0.08147958213568898,0.07675782180783805,0.8614357262103506,0.9232053422370617,0,25
9,221,cem_initial,candidate,192.73092651367188,0.029352757939749508,0.02463099761189857,0.6944908180300501,0.34557595993322204,1,4
9,222,cem_initial,candidate,278.04608154296875,0.07262469654954298,0.06790293622169205,0.8447412353923205,0.9048414023372288,0,25
9,223,cem_initial,candidate,343.9895324707031,0.07100978725046637,0.06628802692261544,0.9382303839732888,0.8931552587646077,0,25
9,224,cem_initial,candidate,333.9987487792969,0.025901594882441425,0.02117983455459049,0.9315525876460768,0.2654424040066778,1,11
9,225,cem_initial,candidate,168.81051635742188,0.049052188895127635,0.0443304285672767,0.664440734557596,0.7796327212020033,0,25
9,226,cem_initial,candidate,446.994140625,0.12437572680532248,0.11965396647747155,0.998330550918197,0.989983305509182,0,25
9,227,cem_initial,candidate,207.95367431640625,0.04477732841728649,0.040055568089435556,0.7245409015025042,0.7412353923205343,0,25
9,228,cem_initial,candidate,100.18505859375,0.029415606293571508,0.024693845965720572,0.5676126878130217,0.35058430717863104,1,5
9,229,cem_initial,physical_positive,297.5234375,0.004721760327850936,0.0,0.8881469115191987,0.0,1,6
9,230,cem_initial,candidate,246.55140686035156,0.08271940705873712,0.07799764673088619,0.7796327212020033,0.9265442404006677,0,25
9,231,cem_initial,candidate,248.33255004882812,0.06090122747305707,0.056179467145206136,0.7846410684474123,0.8430717863105175,0,25
9,232,cem_initial,candidate,266.5935363769531,0.03958524883980889,0.03486348851195796,0.8230383973288815,0.6978297161936561,1,7
9,233,cem_initial,candidate,147.6141357421875,0.04527277475749621,0.040551014429645274,0.6293823038397329,0.7479131886477463,0,25
9,234,cem_initial,candidate,79.982177734375,0.03767616756016247,0.032954407232311536,0.5308848080133556,0.6093489148580968,1,6
9,235,cem_initial,candidate,200.8560791015625,0.086564241442175,0.08184248111432407,0.7145242070116862,0.9398998330550918,0,25
9,236,cem_initial,candidate,300.085205078125,0.08632147012881239,0.08159970980096146,0.8914858096828047,0.9365609348914858,0,25
9,237,cem_initial,candidate,160.65565490722656,0.019946114615321812,0.015224354287470876,0.6460767946577629,0.10517529215358931,1,20
9,238,cem_initial,candidate,288.30670166015625,0.08833678330802319,0.08361502298017226,0.8681135225375626,0.9465776293823038,0,25
9,239,cem_initial,candidate,275.77093505859375,0.043018995030778086,0.038297234702927146,0.8414023372287145,0.7245409015025042,0,25
9,240,cem_initial,candidate,245.52896118164062,0.05741105651777256,0.05268929618992163,0.7762938230383973,0.8213689482470785,0,25
9,241,cem_initial,candidate,115.53535461425781,0.03176121952282533,0.027039459194974396,0.5843071786310517,0.4090150250417362,1,20
9,242,cem_initial,candidate,368.98272705078125,0.06726789342190917,0.06254613309405824,0.9616026711185309,0.8764607679465777,0,25
9,243,cem_initial,candidate,74.47933959960938,0.033599945777844586,0.02887818544999365,0.5258764607679466,0.46410684474123537,1,20
9,244,cem_initial,candidate,71.36421966552734,0.0304763416200437,0.025754581292192765,0.5225375626043406,0.3823038397328882,1,7
9,245,cem_initial,candidate,167.3900909423828,0.10149781698663626,0.09677605665878533,0.656093489148581,0.9682804674457429,0,25
9,246,cem_initial,candidate,135.70700073242188,0.032033295692681596,0.02731153536483066,0.6110183639398998,0.42070116861435725,1,17
9,247,cem_initial,candidate,190.24826049804688,0.14962023956627565,0.14489847923842472,0.6894824707846411,0.996661101836394,0,25
9,248,cem_initial,candidate,70.94705200195312,0.06564118508576,0.06091942475790907,0.5208681135225376,0.8697829716193656,0,25
9,249,cem_initial,candidate,186.14862060546875,0.03853448265881805,0.03381272233096712,0.6878130217028381,0.6527545909849749,1,9
9,250,cem_initial,candidate,411.20172119140625,0.046721466235702,0.04199970590785107,0.993322203672788,0.7579298831385642,0,25
9,251,cem_initial,candidate,80.06761932373047,0.02065666695183642,0.015934906623985483,0.5325542570951586,0.11686143572621036,1,13
9,252,cem_initial,candidate,310.5542907714844,0.037747642444849065,0.033025882116998126,0.9048414023372288,0.6126878130217028,1,5
9,253,cem_initial,candidate,386.06353759765625,0.03585671661741698,0.031134956289566047,0.9782971619365609,0.5425709515859767,1,5
9,254,cem_initial,candidate,415.30908203125,0.05902520607788544,0.0543034457500345,0.994991652754591,0.8347245409015025,0,25
9,255,cem_initial,candidate,116.98016357421875,0.06224751171911296,0.05752575139126202,0.5859766277128547,0.8530884808013356,0,25
9,256,cem_initial,candidate,196.82275390625,0.06774900825388691,0.06302724792603598,0.7028380634390651,0.8797996661101837,0,25
9,257,cem_initial,candidate,406.400634765625,0.05884454283483457,0.05412278250698363,0.989983305509182,0.8330550918196995,0,25
9,258,cem_initial,candidate,219.4452362060547,0.029102143118698864,0.024380382790847928,0.7362270450751253,0.33889816360601,1,16
9,259,cem_initial,candidate,181.1374969482422,0.05921801081003324,0.054496250482182304,0.67779632721202,0.8363939899833055,0,25
9,260,cem_initial,candidate,337.3671569824219,0.050971576624324194,0.04624981629647326,0.9332220367278798,0.7929883138564274,0,25
9,261,cem_initial,candidate,162.36044311523438,0.03241443843345149,0.02769267810560055,0.6494156928213689,0.4307178631051753,1,14
9,262,cem_initial,candidate,355.1585388183594,0.03539025738741056,0.030668497059559627,0.9515859766277128,0.5191986644407346,1,13
9,263,cem_initial,candidate,255.32281494140625,0.21086873958111763,0.2061469792532667,0.8063439065108514,1.0,0,25
9,264,cem_initial,candidate,167.62045288085938,0.02956434538729028,0.024842585059439343,0.659432387312187,0.3572621035058431,1,3
9,265,cem_initial,candidate,74.31710052490234,0.0353926860228786,0.030670925695027666,0.5242070116861436,0.5208681135225376,1,10
9,266,cem_initial,candidate,80.73992919921875,0.030387199966409748,0.02566543963855881,0.5375626043405676,0.3789649415692821,1,13
9,267,cem_initial,candidate,118.53087615966797,0.038732276163536083,0.03401051583568515,0.5893155258764607,0.666110183639399,1,6
9,268,cem_initial,candidate,203.87908935546875,0.03302840472628607,0.028306644398435134,0.7161936560934892,0.44908180300500833,1,5
9,269,cem_initial,candidate,151.68930053710938,0.03844750791921881,0.03372574759136787,0.6360601001669449,0.6494156928213689,1,11
9,270,cem_initial,candidate,248.11705017089844,0.03779860208271663,0.03307684175486569,0.7829716193656093,0.6143572621035058,1,8
9,271,cem_initial,candidate,146.56671142578125,0.0296316917186409,0.024909931390789963,0.6277128547579299,0.3622704507512521,1,5
9,272,cem_initial,candidate,231.9899139404297,0.03585781136775023,0.031136051039899294,0.7579298831385642,0.5442404006677797,1,8
9,273,cem_initial,candidate,356.964599609375,0.09969928793333094,0.09497752760548,0.9532554257095158,0.9632721202003339,0,25
9,274,cem_initial,candidate,104.17909240722656,0.03684982027279161,0.03212805994494067,0.5742904841402338,0.5792988313856428,1,18
9,275,cem_initial,candidate,183.68405151367188,0.03928592166600685,0.034564161338155916,0.6844741235392321,0.6828046744574291,1,9
9,276,cem_initial,candidate,123.94230651855469,0.041458780919743324,0.03673702059189239,0.5959933222036727,0.7161936560934892,0,25
9,277,cem_initial,candidate,262.4703674316406,0.023230849015936007,0.01850908868808507,0.8196994991652755,0.18864774624373956,1,8
9,278,cem_initial,candidate,102.39859008789062,0.03591099894052209,0.031189238612671154,0.5709515859766278,0.5459098497495827,1,6
9,279,cem_initial,candidate,274.989990234375,0.04770375541939345,0.04298199509154252,0.8397328881469115,0.7646076794657763,0,25
9,280,cem_initial,candidate,365.7711486816406,0.04727076589886125,0.04254900557101031,0.9599332220367279,0.7595993322203672,0,25
9,281,cem_initial,candidate,117.26880645751953,0.006900217408940912,0.002178457081089976,0.5876460767946577,0.005008347245409015,1,3
9,282,cem_initial,candidate,107.70849609375,0.02513146582048087,0.020409705492629934,0.5776293823038398,0.24373956594323873,1,12
9,283,cem_initial,candidate,39.279930114746094,0.05259859744726934,0.0478768371194184,0.4707846410684474,0.8046744574290484,0,25
9,284,cem_initial,candidate,291.30322265625,0.012898716109597754,0.008176955781746818,0.8797996661101837,0.01669449081803005,1,4
9,285,cem_initial,candidate,377.3619079589844,0.053111491147701376,0.04838973081985044,0.9682804674457429,0.8063439065108514,0,25
9,286,cem_initial,candidate,167.52560424804688,0.020117092258504634,0.015395331930653698,0.657762938230384,0.10684474123539232,1,6
9,287,cem_initial,candidate,257.64892578125,0.039555996595979276,0.034834236268128344,0.8096828046744574,0.6944908180300501,1,11
9,288,cem_initial,candidate,226.9110565185547,0.03988983764584026,0.03516807731798932,0.7479131886477463,0.7111853088480802,1,5
9,289,cem_initial,candidate,220.1702880859375,0.06333240631396135,0.05861064598611042,0.7395659432387313,0.8564273789649416,0,25
9,290,cem_initial,candidate,342.16900634765625,0.060636727741097275,0.055914967413246336,0.9365609348914858,0.8397328881469115,0,25
9,291,cem_initial,candidate,183.36627197265625,0.03581627279250414,0.031094512464653206,0.6828046744574291,0.5409015025041736,1,12
9,292,cem_initial,candidate,286.8280029296875,0.12594264506061173,0.1212208847327608,0.8664440734557596,0.991652754590985,0,25
9,293,cem_initial,candidate,303.84002685546875,0.03349355834319053,0.028771798015339595,0.8964941569282137,0.4607679465776294,1,3
9,294,cem_initial,candidate,281.7717590332031,0.03501811910601733,0.03029635877816639,0.8547579298831386,0.5108514190317195,1,5
9,295,cem_initial,candidate,409.41748046875,0.05864720917751384,0.05392544884966291,0.991652754590985,0.8280467445742905,0,25
9,296,cem_initial,candidate,97.91017150878906,0.017038338441699347,0.012316578113848412,0.5642737896494157,0.05509181969949917,1,19
9,297,cem_initial,candidate,203.91360473632812,0.07584328486895289,0.07112152454110196,0.7178631051752922,0.9098497495826378,0,25
9,298,cem_initial,candidate,140.71142578125,0.07109706576075983,0.0663753054329089,0.6210350584307178,0.8948247078464107,0,25
9,299,cem_initial,candidate,60.356903076171875,0.031545466171664614,0.02682370584381368,0.5075125208681135,0.4006677796327212,1,21
9,300,cem_final,candidate,2.6397480964660645,0.03040590242736272,0.025684142099511784,0.005008347245409015,0.3806343906510851,1,6
9,301,cem_final,candidate,21.744373321533203,0.016104534886117985,0.011382774558267049,0.3722871452420701,0.04006677796327212,1,7
9,302,cem_final,candidate,12.065938949584961,0.028737382619315174,0.02401562229146424,0.23205342237061768,0.31719532554257096,1,6
9,303,cem_final,candidate,9.63574504852295,0.02834128330452684,0.023619522976675904,0.17696160267111852,0.3105175292153589,1,6
9,304,cem_final,candidate,18.349145889282227,0.01684443437076724,0.012122674042916306,0.32387312186978295,0.048414023372287146,1,6
9,305,cem_final,candidate,10.656436920166016,0.02510319154967073,0.020381431221819794,0.2020033388981636,0.24207011686143573,1,6
9,306,cem_final,candidate,17.607595443725586,0.03394222222500644,0.029220461897155502,0.3105175292153589,0.4791318864774624,1,6
9,307,cem_final,candidate,4.786705017089844,0.025831166266278235,0.0211094059384273,0.05175292153589316,0.2621035058430718,1,10
9,308,cem_final,candidate,12.289493560791016,0.03481118703394016,0.03008942670608922,0.2387312186978297,0.5058430717863105,1,6
9,309,cem_final,candidate,18.449321746826172,0.0359530017866932,0.031231241458842266,0.327212020033389,0.5475792988313857,1,5
9,310,cem_final,candidate,6.819536209106445,0.04201781984425326,0.03729605951640233,0.12020033388981637,0.7195325542570952,0,25
9,311,cem_final,candidate,13.893712997436523,0.03565155119782473,0.030929790869973797,0.2637729549248748,0.5325542570951586,1,6
9,312,cem_final,candidate,12.48775863647461,0.01923167582109408,0.014509915493243142,0.24040066777963273,0.09849749582637729,1,6
9,313,cem_final,candidate,37.72642135620117,0.01842489434618798,0.013703134018337042,0.4674457429048414,0.08013355592654424,1,7
9,314,cem_final,proxy_deceptive,3.248819351196289,0.05020482760816633,0.0454830672803154,0.01001669449081803,0.7879799666110183,0,25
9,315,cem_final,candidate,10.585326194763184,0.035692894043998336,0.0309711337161474,0.1986644407345576,0.5342237061769616,1,7
9,316,cem_final,candidate,42.47043991088867,0.045083193012119896,0.040361432684268964,0.48580968280467446,0.7445742904841403,0,25
9,317,cem_final,candidate,17.8333797454834,0.037867301823256115,0.033145541495405176,0.31385642737896496,0.6210350584307178,1,7
9,318,cem_final,candidate,12.01076889038086,0.02972263482909914,0.025000874501248205,0.2303839732888147,0.3656093489148581,1,6
9,319,cem_final,candidate,17.987014770507812,0.03953319586557384,0.03481143553772291,0.31552587646076796,0.6928213689482471,1,5
9,320,cem_final,candidate,32.047115325927734,0.02284832462959026,0.018126564301739326,0.44741235392320533,0.17195325542570952,1,6
9,321,cem_final,candidate,23.775938034057617,0.045382806434910924,0.04066104610705999,0.4056761268781302,0.7495826377295493,0,25
9,322,cem_final,candidate,10.871156692504883,0.02623221031272777,0.021510449984876834,0.20701168614357263,0.27378964941569284,1,6
9,323,cem_final,candidate,7.298461437225342,0.03091391159416611,0.026192151266315175,0.1318864774624374,0.38898163606010017,1,6
9,324,cem_final,candidate,7.5307111740112305,0.02227846691816303,0.017556706590312093,0.13856427378964942,0.15859766277128548,1,6
9,325,cem_final,candidate,10.519861221313477,0.03169133691001404,0.0269695765821631,0.19532554257095158,0.4056761268781302,1,6
9,326,cem_final,candidate,5.826292514801025,0.04820500071486599,0.04348324038701505,0.08681135225375626,0.7729549248747913,0,25
9,327,cem_final,candidate,14.427413940429688,0.03180472410445572,0.027082963776604786,0.27712854757929883,0.41068447412353926,1,6
9,328,cem_final,candidate,4.931981086730957,0.02378993805032,0.019068177722469066,0.05843071786310518,0.2003338898163606,1,6
9,329,cem_final,candidate,21.5822811126709,0.04491069453581455,0.040188934207963614,0.37061769616026713,0.7429048414023373,0,25
9,330,cem_final,candidate,38.843711853027344,0.01418641551703233,0.009464655189181393,0.4691151919866444,0.02671118530884808,1,6
9,331,cem_final,candidate,13.06826114654541,0.03280909052285219,0.028087330195001255,0.25208681135225375,0.44407345575959933,1,5
9,332,cem_final,candidate,22.862926483154297,0.02999710016291654,0.025275339835065604,0.39565943238731216,0.3722871452420701,1,7
9,333,cem_final,candidate,6.197960376739502,0.03479353118822415,0.03007177086037321,0.09682804674457429,0.5041736227045075,1,5
9,334,cem_final,candidate,6.469244480133057,0.027452324099083294,0.022730563771232358,0.10851419031719532,0.2871452420701169,1,6
9,335,cem_final,candidate,14.490998268127441,0.021537780832628334,0.016816020504777398,0.27879799666110183,0.1419031719532554,1,6
9,336,cem_final,candidate,16.586429595947266,0.034853734128544415,0.03013197380069348,0.3005008347245409,0.5091819699499165,1,5
9,337,cem_final,candidate,9.512947082519531,0.028808075397179802,0.024086315069328866,0.17195325542570952,0.32387312186978295,1,6
9,338,cem_final,candidate,8.476472854614258,0.018605807436808057,0.013884047108957121,0.14858096828046743,0.08347245409015025,1,6
9,339,cem_final,candidate,28.137102127075195,0.025552531137716935,0.020830770809866,0.4323873121869783,0.24707846410684475,1,6
9,340,cem_final,candidate,6.959000587463379,0.039880646663015246,0.03515888633516431,0.12353923205342238,0.7095158597662772,1,6
9,341,cem_final,candidate,25.36190414428711,0.022853488946987553,0.018131728619136617,0.41569282136894825,0.17362270450751252,1,6
9,342,cem_final,candidate,5.618140697479248,0.03196372932621604,0.0272419689983651,0.07679465776293823,0.41903171953255425,1,6
9,343,cem_final,candidate,41.010215759277344,0.03481261504438195,0.030090854716531012,0.4774624373956594,0.5075125208681135,1,6
9,344,cem_final,candidate,65.79020690917969,0.02974273371205635,0.025020973384205412,0.5158597662771286,0.3672787979966611,1,6
9,345,cem_final,candidate,27.539892196655273,0.03394373665152565,0.029221976323674712,0.4257095158597663,0.48080133555926546,1,6
9,346,cem_final,candidate,11.360908508300781,0.03301353611399542,0.028291775786144484,0.21368948247078465,0.44741235392320533,1,6
9,347,cem_final,candidate,22.596099853515625,0.037994384421740364,0.033272624093889425,0.39065108514190316,0.6293823038397329,1,6
9,348,cem_final,candidate,32.628501892089844,0.03456522819082834,0.029843467862977407,0.4507512520868113,0.4974958263772955,1,6
9,349,cem_final,candidate,5.36176872253418,0.02299338896640126,0.018271628638550325,0.0651085141903172,0.17863105175292154,1,6
9,350,cem_final,candidate,7.71888542175293,0.03689781090858512,0.03217605058073418,0.1419031719532554,0.5809682804674458,1,6
9,351,cem_final,candidate,11.489246368408203,0.021947051293936985,0.01722529096608605,0.21535893155258765,0.14858096828046743,1,6
9,352,cem_final,candidate,13.349771499633789,0.03423555049440992,0.029513790166558983,0.2570951585976628,0.49248747913188645,1,8
9,353,cem_final,candidate,4.622739791870117,0.023125736340939354,0.018403976013088418,0.045075125208681135,0.18363939899833054,1,6
9,354,cem_final,candidate,18.412372589111328,0.022105911985334473,0.017384151657483537,0.32554257095158595,0.15358931552587646,1,6
9,355,cem_final,candidate,16.998809814453125,0.03262460554015843,0.027902845212307497,0.3021702838063439,0.43906510851419034,1,6
9,356,cem_final,candidate,21.889785766601562,0.024230212921969356,0.01950845259411842,0.3756260434056761,0.21035058430717862,1,6
9,357,cem_final,candidate,14.240484237670898,0.037204459938540206,0.03248269961068927,0.27212020033388984,0.5959933222036727,1,6
9,358,cem_final,candidate,80.87901306152344,0.029669409964923267,0.02494764963707233,0.5392320534223706,0.3639398998330551,1,6
9,359,cem_final,candidate,6.023303031921387,0.020748942244706556,0.01602718191685562,0.09515859766277128,0.12020033388981637,1,6
9,360,cem_final,candidate,13.975370407104492,0.039844262625369026,0.03512250229751809,0.2687813021702838,0.7061769616026711,1,8
9,361,cem_final,candidate,24.86479949951172,0.033327599946183895,0.02860583961833296,0.41068447412353926,0.4540901502504174,1,6
9,362,cem_final,candidate,11.32698917388916,0.0366124505352632,0.03189069020741227,0.21202003338898165,0.5726210350584308,1,6
9,363,cem_final,candidate,8.832406044006348,0.012691772797839534,0.007970012469988599,0.15692821368948248,0.015025041736227046,1,6
9,364,cem_final,candidate,6.47076416015625,0.01687301291840424,0.012151252590553305,0.11018363939899833,0.05008347245409015,1,7
9,365,cem_final,candidate,9.733094215393066,0.01921733606742959,0.014495575739578655,0.18030050083472454,0.09682804674457429,1,6
9,366,cem_final,candidate,9.604961395263672,0.03836100165327794,0.033639241325427005,0.17529215358931552,0.6410684474123539,1,5
9,367,cem_final,candidate,5.545945644378662,0.029096135074510865,0.02437437474665993,0.07011686143572621,0.337228714524207,1,10
9,368,cem_final,candidate,19.752254486083984,0.021180939886654405,0.01645917955880347,0.35058430717863104,0.1302170283806344,1,7
9,369,cem_final,candidate,11.080495834350586,0.029365554997889936,0.024643794670039,0.20868113522537562,0.34724540901502504,1,6
9,370,cem_final,candidate,20.48529624938965,0.02044697985981234,0.015725219531961404,0.3589315525876461,0.11185308848080133,1,6
9,371,cem_final,candidate,36.48773956298828,0.021273599295421542,0.016551838967570606,0.4657762938230384,0.1335559265442404,1,6
9,372,cem_final,candidate,22.565284729003906,0.03977213510975288,0.03505037478190194,0.38898163606010017,0.7011686143572621,1,6
9,373,cem_final,candidate,3.0626583099365234,0.03613552526177742,0.03141376493392649,0.008347245409015025,0.5559265442404007,1,6
9,374,cem_final,candidate,15.204729080200195,0.03730485311078646,0.03258309278293553,0.2854757929883139,0.5993322203672788,1,8
9,375,cem_final,candidate,22.23139762878418,0.025614124849054617,0.02089236452120368,0.38397328881469117,0.25208681135225375,1,6
9,376,cem_final,candidate,11.59902572631836,0.026933864075226976,0.02221210374737604,0.22203672787979967,0.27879799666110183,1,7
9,377,cem_final,candidate,10.557304382324219,0.039467469675419385,0.034745709347568446,0.19699499165275458,0.6894824707846411,1,6
9,378,cem_final,candidate,48.29158020019531,0.016979920029617752,0.012258159701766816,0.4991652754590985,0.05342237061769616,1,7
9,379,cem_final,candidate,33.11463928222656,0.022259162776079047,0.01753740244822811,0.4557595993322204,0.15692821368948248,1,6
9,380,cem_final,candidate,5.714797019958496,0.03406046665305232,0.029338706325201382,0.08180300500834725,0.48414023372287146,1,6
9,381,cem_final,candidate,45.59272766113281,0.03114039437341808,0.026418634045567144,0.49248747913188645,0.3973288814691152,1,6
9,382,cem_final,candidate,12.60816478729248,0.02885587954397624,0.024134119216125304,0.24373956594323873,0.327212020033389,1,6
9,383,cem_final,candidate,11.739775657653809,0.035248927059897316,0.03052716673204638,0.22537562604340566,0.5141903171953256,1,6
9,384,cem_final,candidate,15.693577766418457,0.025660106956188325,0.02093834662833739,0.2904841402337229,0.25375626043405675,1,6
9,385,cem_final,candidate,13.189750671386719,0.029501084690100654,0.024779324362249718,0.25375626043405675,0.3555926544240401,1,6
9,386,cem_final,candidate,13.927064895629883,0.03010755133835088,0.025385791010499942,0.2654424040066778,0.3739565943238731,1,6
9,387,cem_final,candidate,6.4569010734558105,0.033812228845015044,0.029090468517164108,0.10684474123539232,0.4707846410684474,1,6
9,388,cem_final,candidate,7.810707092285156,0.02049940364373929,0.015777643315888355,0.14357262103505844,0.11519198664440734,1,6
9,389,cem_final,candidate,52.090030670166016,0.03113101023215925,0.026409249904308315,0.5041736227045075,0.39565943238731216,1,6
9,390,cem_final,candidate,4.822325706481934,0.025586338371249316,0.02086457804339838,0.05509181969949917,0.24874791318864775,1,6
9,391,cem_final,candidate,18.461040496826172,0.038920283588995346,0.034198523261144406,0.328881469115192,0.672787979966611,1,6
9,392,cem_final,candidate,3.9695448875427246,0.02267900428373465,0.017957243955883714,0.03171953255425709,0.1686143572621035,1,6
9,393,cem_final,candidate,23.20745849609375,0.01714925896184859,0.012427498633997655,0.3989983305509182,0.05676126878130217,1,6
9,394,cem_final,candidate,8.698318481445312,0.039101988890319996,0.034380228562469056,0.15025041736227046,0.679465776293823,1,5
9,395,cem_final,candidate,7.0050787925720215,0.024731341475146426,0.02000958114729549,0.12687813021702837,0.2303839732888147,1,6
9,396,cem_final,candidate,4.185515880584717,0.013665286847255015,0.008943526519404079,0.038397328881469114,0.021702838063439065,1,6
9,397,cem_final,candidate,6.349810600280762,0.03743479867643058,0.03271303834857965,0.10350584307178631,0.6010016694490818,1,5
9,398,cem_final,candidate,12.271230697631836,0.04980344027111976,0.045081679943268824,0.2370617696160267,0.7829716193656093,0,25
9,399,cem_final,candidate,7.0833740234375,0.039855791633974444,0.03513403130612351,0.1285475792988314,0.7078464106844741,1,6
9,400,cem_final,candidate,7.420781135559082,0.04198603617487436,0.03726427584702342,0.1335559265442404,0.7178631051752922,0,25
9,401,cem_final,candidate,20.773021697998047,0.02076687141078163,0.016045111082930694,0.3639398998330551,0.12186978297161936,1,6
9,402,cem_final,candidate,12.61590576171875,0.015473451085544045,0.01075169075769311,0.24540901502504173,0.03672787979966611,1,7
9,403,cem_final,candidate,4.754340648651123,0.03387793505644999,0.029156174728599053,0.05008347245409015,0.4741235392320534,1,6
9,404,cem_final,candidate,15.815017700195312,0.03692307846869519,0.03220131814084426,0.2921535893155259,0.5843071786310517,1,6
9,405,cem_final,candidate,25.59062385559082,0.027585886102024604,0.02286412577417367,0.42070116861435725,0.2938230383973289,1,6
9,406,cem_final,candidate,14.678009033203125,0.028594352228818214,0.02387259190096728,0.28213689482470783,0.31385642737896496,1,6
9,407,cem_final,candidate,29.90837287902832,0.027882702688438964,0.02316094236058803,0.43906510851419034,0.3021702838063439,1,6
9,408,cem_final,candidate,22.639453887939453,0.038654540617236215,0.033932780289385275,0.39232053422370616,0.66110183639399,1,5
9,409,cem_final,candidate,17.006242752075195,0.029273469508173944,0.024551709180323008,0.3038397328881469,0.34223706176961605,1,6
9,410,cem_final,candidate,5.446948051452637,0.034652278468092365,0.02993051814024143,0.0667779632721202,0.5008347245409015,1,8
9,411,cem_final,candidate,36.1487922668457,0.03225657044684401,0.027534810118993076,0.46410684474123537,0.4257095158597663,1,8
9,412,cem_final,candidate,5.62625789642334,0.01730510794838596,0.012583347620535024,0.07846410684474124,0.05843071786310518,1,6
9,413,cem_final,candidate,9.378274917602539,0.02558646711612532,0.020864706788274383,0.17028380634390652,0.25041736227045075,1,6
9,414,cem_final,candidate,3.640752077102661,0.0357199943234376,0.030998233995586665,0.018363939899833055,0.5375626043405676,1,6
9,415,cem_final,candidate,14.338665008544922,0.03816815467617892,0.03344639434832798,0.27545909849749584,0.6343906510851419,1,5
9,416,cem_final,candidate,13.568178176879883,0.020312568974234398,0.015590808646383462,0.2604340567612688,0.11018363939899833,1,6
9,417,cem_final,candidate,6.255512237548828,0.038334091941496416,0.03361233161364548,0.1018363939899833,0.6393989983305509,1,6
9,418,cem_final,candidate,31.150632858276367,0.020891680082510793,0.016169919754659857,0.44407345575959933,0.12520868113522537,1,7
9,419,cem_final,candidate,22.823291778564453,0.021547918398582763,0.016826158070731827,0.39398998330550916,0.14357262103505844,1,6
9,420,cem_final,candidate,32.64141082763672,0.02937522276660722,0.024653462438756286,0.4524207011686144,0.34891485809682804,1,6
9,421,cem_final,candidate,17.079936981201172,0.03797400877223524,0.033252248444384305,0.3071786310517529,0.6260434056761269,1,6
9,422,cem_final,candidate,12.08277702331543,0.03182680948774755,0.027105049159896612,0.2337228714524207,0.41235392320534225,1,6
9,423,cem_final,candidate,31.187469482421875,0.025732090467408448,0.021010330139557512,0.44574290484140233,0.2570951585976628,1,6
9,424,cem_final,candidate,4.1725053787231445,0.01837810792195351,0.013656347594102575,0.03672787979966611,0.07679465776293823,1,7
9,425,cem_final,candidate,21.24437713623047,0.010798624736442226,0.0060768644085912905,0.36894824707846413,0.01001669449081803,1,7
9,426,cem_final,candidate,5.841426849365234,0.03619297539671286,0.03147121506886193,0.09015025041736227,0.5626043405676127,1,6
9,427,cem_final,candidate,6.376328945159912,0.02204237131417235,0.017320610986321414,0.10517529215358931,0.15191986644407346,1,7
9,428,cem_final,candidate,17.02144432067871,0.02391645616549463,0.019194695837643695,0.3055091819699499,0.2036727879799666,1,7
9,429,cem_final,candidate,3.734518527984619,0.015029142893085882,0.010307382565234946,0.02003338898163606,0.03171953255425709,1,6
9,430,cem_final,candidate,24.871551513671875,0.023921970209964852,0.019200209882113916,0.41235392320534225,0.20534223706176963,1,6
9,431,cem_final,candidate,18.542322158813477,0.01960888388076265,0.014887123552911715,0.330550918196995,0.1018363939899833,1,6
9,432,cem_final,candidate,21.982683181762695,0.02888258360696786,0.024160823279116925,0.3772954924874791,0.330550918196995,1,6
9,433,cem_final,candidate,30.36717987060547,0.03826785495725944,0.03354609462940851,0.44073455759599334,0.6360601001669449,1,7
9,434,cem_final,candidate,12.738631248474121,0.03855668760009528,0.03383492727224434,0.24874791318864775,0.656093489148581,1,6
9,435,cem_final,candidate,10.328659057617188,0.027263347311373243,0.022541586983522308,0.18864774624373956,0.28213689482470783,1,6
9,436,cem_final,candidate,2.525846242904663,0.02138837303728041,0.016666612709429474,0.001669449081803005,0.1352253756260434,1,6
9,437,cem_final,candidate,5.484278202056885,0.02331018223405858,0.018588421906207644,0.06844741235392321,0.19031719532554256,1,6
9,438,cem_final,candidate,4.197940349578857,0.024856294181176564,0.02013453385332563,0.04006677796327212,0.2370617696160267,1,6
9,439,cem_final,candidate,22.459569931030273,0.035412761726505815,0.03069100139865488,0.38731218697829717,0.5242070116861436,1,6
9,440,cem_final,candidate,22.039358139038086,0.022495244513768182,0.017773484185917246,0.3789649415692821,0.16193656093489148,1,6
9,441,cem_final,candidate,20.150928497314453,0.017880175579563087,0.01315841525171215,0.35225375626043404,0.0667779632721202,1,7
9,442,cem_final,candidate,42.507179260253906,0.02412477254631453,0.019403012218463595,0.48747913188647746,0.20868113522537562,1,6
9,443,cem_final,candidate,7.648303031921387,0.03265610998007657,0.027934349652225635,0.14023372287145242,0.44073455759599334,1,6
9,444,cem_final,candidate,20.998050689697266,0.036117797975536145,0.03139603764768521,0.3656093489148581,0.5542570951585977,1,6
9,445,cem_final,candidate,15.671667098999023,0.031513314769762824,0.026791554441911888,0.2888146911519199,0.3989983305509182,1,6
9,446,cem_final,candidate,9.263350486755371,0.03712992666141015,0.03240816633355921,0.1636060100166945,0.5909849749582637,1,6
9,447,cem_final,candidate,23.410701751708984,0.02727036126648318,0.022548600938632243,0.4006677796327212,0.2838063439065108,1,7
9,448,cem_final,candidate,5.74221134185791,0.03236809798307879,0.027646337655227855,0.08347245409015025,0.4273789649415693,1,6
9,449,cem_final,candidate,5.831074237823486,0.04339485684335512,0.038673096515504185,0.08848080133555926,0.7345575959933222,0,25
9,450,cem_final,candidate,14.088322639465332,0.018623993770237206,0.01390223344238627,0.2704507512520868,0.08514190317195326,1,6
9,451,cem_final,candidate,13.566843032836914,0.03746987826364714,0.0327481179357962,0.2587646076794658,0.6026711185308848,1,5
9,452,cem_final,candidate,17.76397705078125,0.03841957389736206,0.033697813569511126,0.3121869782971619,0.6460767946577629,1,7
9,453,cem_final,candidate,9.552421569824219,0.036101474394576095,0.031379714066725156,0.17362270450751252,0.5525876460767947,1,5
9,454,cem_final,candidate,19.110218048095703,0.022524955772288194,0.01780319544443726,0.33889816360601,0.1636060100166945,1,6
9,455,cem_final,candidate,19.073474884033203,0.024730117436464395,0.02000835710861346,0.337228714524207,0.2287145242070117,1,6
9,456,cem_final,candidate,19.56338119506836,0.03641504882690797,0.03169328849905703,0.34557595993322204,0.5692821368948247,1,6
9,457,cem_final,candidate,9.743854522705078,0.03993502021186683,0.0352132598840159,0.18196994991652754,0.7128547579298832,1,6
9,458,cem_final,candidate,49.75276184082031,0.026215515870307907,0.02149375554245697,0.5025041736227045,0.27212020033388984,1,7
9,459,cem_final,candidate,23.66945457458496,0.03570324037137737,0.030981480043526435,0.4023372287145242,0.5358931552587646,1,5
9,460,cem_final,candidate,22.40275764465332,0.03758133916917182,0.03285957884132089,0.38564273789649417,0.6060100166944908,1,5
9,461,cem_final,candidate,29.07201385498047,0.03940417310394863,0.034682412776097696,0.4340567612687813,0.6878130217028381,1,9
9,462,cem_final,candidate,5.568450927734375,0.027782131417635,0.023060371089784065,0.07345575959933222,0.29716193656093487,1,6
9,463,cem_final,candidate,11.851790428161621,0.023762717240493697,0.01904095691264276,0.2287145242070117,0.1986644407345576,1,6
9,464,cem_final,candidate,4.270878314971924,0.0310533500148205,0.026331589686969564,0.041736227045075125,0.39232053422370616,1,6
9,465,cem_final,candidate,47.032188415527344,0.03154980125842809,0.02682804093057715,0.4974958263772955,0.4023372287145242,1,6
9,466,cem_final,candidate,24.158897399902344,0.029968382766564456,0.02524662243871352,0.4090150250417362,0.37061769616026713,1,5
9,467,cem_final,candidate,12.986421585083008,0.028926460000181103,0.024204699672330167,0.25041736227045075,0.332220367278798,1,6
9,468,cem_final,candidate,2.944202184677124,0.020127796557349215,0.01540603622949828,0.00667779632721202,0.10851419031719532,1,7
9,469,cem_final,candidate,6.207798480987549,0.03166050847316108,0.02693874814531014,0.09849749582637729,0.4040066777963272,1,6
9,470,cem_final,candidate,23.117122650146484,0.052341395735738365,0.047619635407887426,0.3973288814691152,0.8030050083472454,0,25
9,471,cem_final,candidate,8.706975936889648,0.02476547602250864,0.020043715694657703,0.15191986644407346,0.23205342237061768,1,6
9,472,cem_final,candidate,33.63054656982422,0.033459700748253426,0.02873794042040249,0.4574290484140234,0.4590984974958264,1,6
9,473,cem_final,candidate,7.485374450683594,0.037809084940740326,0.03308732461288939,0.1352253756260434,0.6160267111853088,1,6
9,474,cem_final,candidate,8.960874557495117,0.024886317572402818,0.020164557244551882,0.15859766277128548,0.2387312186978297,1,7
9,475,cem_final,candidate,13.2942533493042,0.017585772777326578,0.012864012449475642,0.25542570951585974,0.06343906510851419,1,6
9,476,cem_final,candidate,9.264257431030273,0.018800181876582597,0.014078421548731661,0.1652754590984975,0.09015025041736227,1,6
9,477,cem_final,candidate,21.879789352416992,0.02780450789504919,0.023082747567198254,0.3739565943238731,0.2988313856427379,1,6
9,478,cem_final,candidate,11.663529396057129,0.03173801807920028,0.027016257751349342,0.22370617696160267,0.4073455759599332,1,6
9,479,cem_final,candidate,6.962335109710693,0.02661262403027316,0.021890863702422225,0.12520868113522537,0.27545909849749584,1,6
9,480,cem_final,candidate,18.750526428222656,0.035462542451611706,0.03074078212376077,0.335559265442404,0.5258764607679466,1,6
9,481,cem_final,candidate,44.46580505371094,0.021430180791494897,0.01670842046364396,0.48914858096828046,0.13856427378964942,1,6
9,482,cem_final,candidate,40.1124382019043,0.028552875239312818,0.023831114911461882,0.4741235392320534,0.3121869782971619,1,6
9,483,cem_final,candidate,12.129369735717773,0.030592458403097624,0.02587069807524669,0.2353923205342237,0.38397328881469117,1,6
9,484,cem_final,candidate,18.546669006347656,0.025673879163438634,0.0209521188355877,0.332220367278798,0.25542570951585974,1,6
9,485,cem_final,candidate,44.76565170288086,0.03853566005468715,0.03381389972683621,0.49081803005008345,0.654424040066778,1,12
9,486,cem_final,candidate,11.571250915527344,0.038440857186778685,0.03371909685892775,0.22036727879799667,0.6477462437395659,1,6
9,487,cem_final,candidate,25.499679565429688,0.03293624458622164,0.0282144842583707,0.41736227045075125,0.44574290484140233,1,6
9,488,cem_final,candidate,27.63360595703125,0.024380931331595846,0.01965917100374491,0.4273789649415693,0.21869782971619364,1,6
9,489,cem_final,candidate,25.52487564086914,0.033841201412905905,0.02911944108505497,0.41903171953255425,0.4724540901502504,1,6
9,490,cem_final,candidate,6.4983625411987305,0.0355422872925764,0.030820526964725464,0.11185308848080133,0.5275459098497496,1,5
9,491,cem_final,candidate,3.9561455249786377,0.022931183147799017,0.01820942281994808,0.03005008347245409,0.17529215358931552,1,6
9,492,cem_final,candidate,4.054980278015137,0.02348585190436567,0.018764091576514735,0.0333889816360601,0.19198664440734559,1,6
9,493,cem_final,candidate,10.607658386230469,0.015370834384661497,0.010649074056810561,0.2003338898163606,0.035058430717863104,1,6
9,494,cem_final,candidate,20.30668830871582,0.028787084799193004,0.02406532447134207,0.3555926544240401,0.32053422370617696,1,6
9,495,cem_final,candidate,5.825754642486572,0.035389619365722914,0.03066785903787198,0.08514190317195326,0.5175292153589316,1,6
9,496,cem_final,candidate,9.792023658752441,0.024584837700612497,0.01986307737276156,0.18363939899833054,0.22537562604340566,1,6
9,497,cem_final,candidate,6.005916595458984,0.033727458371648075,0.02900569804379714,0.09348914858096828,0.4657762938230384,1,6
9,498,cem_final,candidate,3.8336730003356934,0.043389393415675645,0.03866763308782471,0.021702838063439065,0.7328881469115192,0,25
9,499,cem_final,candidate,18.020370483398438,0.027469075783619613,0.022747315455768677,0.31719532554257096,0.2888146911519199,1,7
9,500,cem_final,candidate,5.555406093597412,0.03980089461038714,0.0350791342825362,0.07178631051752922,0.7028380634390651,1,19
9,501,cem_final,candidate,15.036750793457031,0.027876613573998708,0.023154853246147772,0.2838063439065108,0.3005008347245409,1,6
9,502,cem_final,candidate,25.67137336730957,0.023006868730673428,0.018285108402822492,0.42237061769616024,0.18030050083472454,1,6
9,503,cem_final,candidate,29.87364959716797,0.03880896912781927,0.034087208799968335,0.4373956594323873,0.669449081803005,1,6
9,504,cem_final,candidate,5.1005940437316895,0.02502693392147644,0.020305173593625506,0.06176961602671119,0.24040066777963273,1,6
9,505,cem_final,candidate,3.9402718544006348,0.02608869042910961,0.021366930101258674,0.02671118530884808,0.2704507512520868,1,7
9,506,cem_final,candidate,45.740577697753906,0.015268893598920467,0.010547133271069532,0.4941569282136895,0.0333889816360601,1,6
9,507,cem_final,candidate,9.663650512695312,0.038310570395274655,0.033588810067423716,0.17863105175292154,0.6377295492487479,1,5
9,508,cem_final,candidate,33.75069046020508,0.03704242541124621,0.032320665083395275,0.4590984974958264,0.5893155258764607,1,6
9,509,cem_final,candidate,27.839984893798828,0.025816998992807955,0.02109523866495702,0.4290484140233723,0.2604340567612688,1,6
9,510,cem_final,candidate,3.5886940956115723,0.01823523492854553,0.013513474600694596,0.01669449081803005,0.07011686143572621,1,7
9,511,cem_final,candidate,8.016215324401855,0.0280864119021387,0.023364651574287763,0.14524207011686144,0.3038397328881469,1,6
9,512,cem_final,candidate,3.9519526958465576,0.03574981640862766,0.031028056080776727,0.028380634390651086,0.5392320534223706,1,6
9,513,cem_final,candidate,24.003562927246094,0.020922431927232706,0.01620067159938177,0.4073455759599332,0.12687813021702837,1,6
9,514,cem_final,candidate,20.614028930664062,0.022628603592639712,0.017906843264788776,0.3622704507512521,0.1669449081803005,1,6
9,515,cem_final,candidate,6.778879165649414,0.028758784958085586,0.02403702463023465,0.11686143572621036,0.31886477462437396,1,5
9,516,cem_final,candidate,3.367518424987793,0.028970583822627224,0.02424882349477629,0.015025041736227046,0.333889816360601,1,6
9,517,cem_final,candidate,19.268524169921875,0.02367245320905465,0.018950692881203716,0.34390651085141904,0.19699499165275458,1,7
9,518,cem_final,candidate,16.044986724853516,0.023938089861539273,0.019216329533688337,0.2938230383973289,0.20701168614357263,1,6
9,519,cem_final,candidate,11.499414443969727,0.033750327571249114,0.029028567243398178,0.21702838063439064,0.4674457429048414,1,6
9,520,cem_final,candidate,32.577484130859375,0.023130703008867486,0.01840894268101655,0.44908180300500833,0.18530884808013356,1,6
9,521,cem_final,candidate,40.42523193359375,0.038369622751446446,0.033647862423595506,0.4757929883138564,0.6427378964941569,1,6
9,522,cem_final,candidate,10.032197952270508,0.03845541213226356,0.03373365180441262,0.18530884808013356,0.6510851419031719,1,5
9,523,cem_final,candidate,6.789491653442383,0.037918851173509564,0.033197090845658625,0.11853088480801335,0.6227045075125208,1,6
9,524,cem_final,candidate,4.984542369842529,0.018247534358710467,0.013525774030859531,0.06010016694490818,0.07178631051752922,1,6
9,525,cem_final,candidate,18.10428237915039,0.021877128207348537,0.0171553678794976,0.31886477462437396,0.14691151919866444,1,7
9,526,cem_final,candidate,14.241358757019043,0.016149489399025628,0.011427729071174692,0.27378964941569284,0.041736227045075125,1,7
9,527,cem_final,candidate,27.082319259643555,0.016886214384888496,0.01216445405703756,0.4240400667779633,0.05175292153589316,1,6
9,528,cem_final,candidate,10.864056587219238,0.036684766159770434,0.031963005831919494,0.20534223706176963,0.5759599332220368,1,6
9,529,cem_final,candidate,10.168096542358398,0.026009685063466136,0.0212879247356152,0.18697829716193656,0.2671118530884808,1,6
9,530,cem_final,candidate,9.010099411010742,0.03427803240452818,0.029556272076677246,0.16026711185308848,0.4941569282136895,1,6
9,531,cem_final,candidate,2.560527801513672,0.024631015779347735,0.0199092554514968,0.00333889816360601,0.2270450751252087,1,7
9,532,cem_final,candidate,35.269683837890625,0.030187772916922255,0.02546601258907132,0.46243739565943237,0.3756260434056761,1,6
9,533,cem_final,candidate,12.573685646057129,0.025832574345464526,0.02111081401761359,0.24207011686143573,0.2637729549248748,1,6
9,534,cem_final,candidate,2.131744146347046,0.023651917539540546,0.01893015721168961,0.0,0.19532554257095158,1,7
9,535,cem_final,candidate,6.212472915649414,0.023844436171299253,0.019122675843448317,0.1001669449081803,0.2020033388981636,1,6
9,536,cem_final,candidate,23.737346649169922,0.0321272214389904,0.02740546111113946,0.4040066777963272,0.4240400667779633,1,6
9,537,cem_final,candidate,6.746831893920898,0.035954418322765906,0.03123265799491497,0.11519198664440734,0.5492487479131887,1,6
9,538,cem_final,candidate,8.37792682647705,0.02261659171801263,0.017894831390161695,0.14691151919866444,0.1652754590984975,1,6
9,539,cem_final,candidate,10.518852233886719,0.017353238564407316,0.01263147823655638,0.19365609348914858,0.06010016694490818,1,6
9,540,cem_final,candidate,9.351551055908203,0.029463581345586166,0.02474182101773523,0.1686143572621035,0.35225375626043404,1,6
9,541,cem_final,candidate,3.9298462867736816,0.03249992885912125,0.027778168531270315,0.025041736227045076,0.4340567612687813,1,5
9,542,cem_final,candidate,4.338077545166016,0.02269444528671113,0.017972684958860195,0.04340567612687813,0.17028380634390652,1,6
9,543,cem_final,candidate,7.485636234283447,0.03893578963845171,0.034214029310600774,0.13689482470784642,0.674457429048414,1,8
9,544,cem_final,candidate,4.62959098815918,0.024810177070499338,0.020088416742648402,0.04674457429048414,0.2353923205342237,1,6
9,545,cem_final,candidate,4.149877548217773,0.025498261444589863,0.020776501116738927,0.035058430717863104,0.24540901502504173,1,6
9,546,cem_final,candidate,19.12729835510254,0.034141485207345834,0.0294197248794949,0.34056761268781305,0.49081803005008345,1,6
9,547,cem_final,candidate,10.462005615234375,0.012035242360401018,0.007313482032550082,0.19198664440734559,0.01335559265442404,1,7
9,548,cem_final,candidate,16.268478393554688,0.022959653502533407,0.01823789317468247,0.29549248747913187,0.17696160267111852,1,6
9,549,cem_final,candidate,27.887203216552734,0.021223520142655154,0.01650175981480422,0.4307178631051753,0.1318864774624374,1,6
9,550,cem_final,candidate,3.320350170135498,0.02662114357915897,0.021899383251308035,0.011686143572621035,0.27712854757929883,1,6
9,551,cem_final,candidate,18.560382843017578,0.022411471000934935,0.017689710673084,0.333889816360601,0.16026711185308848,1,7
9,552,cem_final,candidate,16.32302474975586,0.024576241127768853,0.019854480799917917,0.29716193656093487,0.22370617696160267,1,6
9,553,cem_final,candidate,18.2864990234375,0.024266260763004283,0.019544500435153347,0.32220367278797996,0.21202003338898165,1,6
9,554,cem_final,candidate,14.586860656738281,0.024490948415274414,0.019769188087423478,0.28046744574290483,0.22203672787979967,1,6
9,555,cem_final,candidate,12.721435546875,0.016076561667373854,0.011354801339522918,0.24707846410684475,0.038397328881469114,1,7
9,556,cem_final,candidate,5.8484578132629395,0.0334203605208997,0.028698600193048766,0.09181969949916527,0.4557595993322204,1,6
9,557,cem_final,candidate,11.831110954284668,0.029749667883083405,0.02502790755523247,0.2270450751252087,0.36894824707846413,1,6
9,558,cem_final,candidate,4.6400299072265625,0.02138890478537276,0.016667144457521824,0.048414023372287146,0.13689482470784642,1,6
9,559,cem_final,candidate,3.346132278442383,0.03751974026433309,0.03279797993648216,0.01335559265442404,0.6043405676126878,1,6
9,560,cem_final,candidate,5.263059616088867,0.017586833698178053,0.012865073370327117,0.06343906510851419,0.0651085141903172,1,6
9,561,cem_final,candidate,42.40966033935547,0.03602014296610712,0.031298382638256184,0.48414023372287146,0.5509181969949917,1,6
9,562,cem_final,candidate,4.790928840637207,0.02732420386104671,0.022602443533195776,0.05342237061769616,0.2854757929883139,1,6
9,563,cem_final,candidate,13.961101531982422,0.02221485559340993,0.017493095265558995,0.2671118530884808,0.15525876460767946,1,7
9,564,cem_final,candidate,3.874337911605835,0.03958214476833935,0.03486038444048842,0.02337228714524207,0.6961602671118531,1,5
9,565,cem_final,candidate,20.163429260253906,0.04333841555559769,0.03861665522774675,0.35392320534223703,0.7312186978297162,0,25
9,566,cem_final,candidate,9.32227897644043,0.03808035230302557,0.03335859197517463,0.1669449081803005,0.6327212020033389,1,6
9,567,cem_final,candidate,19.1632080078125,0.019639264894036015,0.01491750456618508,0.34223706176961605,0.10350584307178631,1,6
9,568,cem_final,candidate,20.361818313598633,0.021779231601830398,0.017057471273979462,0.3572621035058431,0.14524207011686144,1,6
9,569,cem_final,candidate,33.90340805053711,0.02149762494617624,0.016775864618325306,0.4607679465776294,0.14023372287145242,1,6
9,570,cem_final,candidate,30.745792388916016,0.03065067492342707,0.025928914595576134,0.44240400667779634,0.38564273789649417,1,6
9,571,cem_final,candidate,4.835605144500732,0.037984933352915806,0.033263173025064874,0.05676126878130217,0.6277128547579299,1,8
9,572,cem_final,candidate,49.553672790527344,0.03682458202685643,0.032102821699005496,0.5008347245409015,0.5776293823038398,1,6
9,573,cem_final,candidate,6.955821514129639,0.03399346424654528,0.029271703918694342,0.12186978297161936,0.48247078464106846,1,6
9,574,cem_final,candidate,19.580963134765625,0.023110375033120658,0.018388614705269722,0.34724540901502504,0.18196994991652754,1,6
9,575,cem_final,candidate,11.507715225219727,0.028808460524875613,0.024086700197024677,0.21869782971619364,0.32554257095158595,1,6
9,576,cem_final,candidate,16.40523338317871,0.03867026499236541,0.033948504664514476,0.2988313856427379,0.662771285475793,1,6
9,577,cem_final,candidate,11.139892578125,0.011870840309974017,0.007149079982123082,0.21035058430717862,0.011686143572621035,1,7
9,578,cem_final,candidate,25.238990783691406,0.018897489836377557,0.014175729508526622,0.41402337228714525,0.09181969949916527,1,6
9,579,cem_final,candidate,39.47312545776367,0.0371756664696611,0.032453906141810165,0.4724540901502504,0.5943238731218697,1,8
9,580,cem_final,candidate,41.942726135253906,0.013741151370753452,0.009019391042902516,0.48080133555926546,0.02337228714524207,1,7
9,581,cem_final,candidate,7.1530070304870605,0.019584707879352348,0.014862947551501412,0.1302170283806344,0.1001669449081803,1,6
9,582,cem_final,candidate,9.170950889587402,0.038390606790350834,0.0336688464624999,0.16193656093489148,0.6444073455759599,1,9
9,583,cem_final,candidate,13.629408836364746,0.029280289923852842,0.024558529596001907,0.2621035058430718,0.34390651085141904,1,6
9,584,cem_final,candidate,17.08136558532715,0.03533127663874358,0.030609516310892645,0.3088480801335559,0.5158597662771286,1,5
9,585,cem_final,candidate,8.759599685668945,0.03785022740761332,0.033128467079762386,0.15358931552587646,0.6193656093489148,1,5
9,586,cem_final,candidate,18.171791076660156,0.031883373847243775,0.02716161351939284,0.32053422370617696,0.41569282136894825,1,7
9,587,cem_final,candidate,8.81197452545166,0.013217090493515873,0.008495330165664937,0.15525876460767946,0.018363939899833055,1,7
9,588,cem_final,candidate,5.713982582092285,0.03927552370220351,0.03455376337435258,0.08013355592654424,0.6811352253756261,1,5
9,589,cem_final,candidate,15.340921401977539,0.03802183354766924,0.0333000732198183,0.2871452420701169,0.6310517529215359,1,8
9,590,cem_final,candidate,10.422874450683594,0.02760785167232671,0.022886091344475775,0.19031719532554256,0.29549248747913187,1,6
9,591,cem_final,candidate,21.102375030517578,0.03540271642052114,0.030680956092670204,0.3672787979966611,0.5225375626043406,1,6
9,592,cem_final,candidate,22.188777923583984,0.024270324493863005,0.01954856416601207,0.3823038397328882,0.21368948247078465,1,6
9,593,cem_final,candidate,10.749677658081055,0.02812033016671282,0.023398569838861884,0.2036727879799666,0.3055091819699499,1,6
9,594,cem_final,candidate,42.03347396850586,0.020457604824221123,0.015735844496370187,0.48247078464106846,0.11352253756260434,1,6
9,595,cem_final,candidate,5.5969390869140625,0.024404301461154142,0.019682541133303207,0.07512520868113523,0.22036727879799667,1,6
9,596,cem_final,candidate,6.553312301635742,0.014837229436491158,0.010115469108640222,0.11352253756260434,0.03005008347245409,1,6
9,597,cem_final,candidate,22.12166404724121,0.018317210280690686,0.01359544995283975,0.3806343906510851,0.07345575959933222,1,7
9,598,cem_final,candidate,20.569549560546875,0.03726696237237308,0.032545202044522145,0.3606010016694491,0.5976627712854758,1,6
9,599,cem_final,candidate,41.06396484375,0.03618447603467689,0.03146271570682596,0.4791318864774624,0.5592654424040067,1,7
